respid,intfreq,snsint2,q20,web1a,web1b,web1c,web1d,web1e,web1f,web1g,web1h,web1i,sns2a,sns2b,sns2c,sns2d,sns2e,device1b,device1c,device1d,cregion,sex,age,marital,educ2,emplnw,inc,party,partyln
4,5,1,1,2,2,1,2,1,2,2,2,2, , ,1, ,5,2,2,2,3,2,75,1,3,4,3,2, 
7,2,2,2,2,2,2,2,2,2,1,2,2, , , , , ,1,1,1,2,1,56,1,4,1,8,1, 
9,2,1,1,1,1,1,2,1,2,1,1,2,2,4,3, ,5,1,1,2,1,2,65,1,6,3,7,1, 
11,4,1, ,2,2,1,2,1,2,2,2,2, , ,3, ,5,1,1,2,2,1,64,1,5,1,7,3,1
13,1,1, ,2,1,1,2,1,2,1,2,2, ,3,1, ,1,2,1,1,1,2,33,6,3,4,1,3,1
14,2,1,3,1,2,1,2,1,1,2,2,2,3, ,2, ,3,2,1,2,1,1,50,3,5,3,4,3,2
16,2,1,1,2,2,1,2,1,2,1,2,2, , ,2, ,2,2,1,2,2,2,70,1,4,3,7,1, 
17,1,2,2,2,2,2,2,1,2,2,2,2, , , , ,4,1,1,2,2,1,60,1,8,1,9,1, 
18,2,2, ,2,2,2,2,1,2,2,2,2, , , , ,2,1,1,1,3,2,62,1,8,2,99,2, 
20,2,1,2,2,2,1,2,2,2,2,2,2, , ,1, , ,1,1,2,3,1,71,2,6,3,99,9,9
21,2,2,1,2,2,2,2,2,2,2,2,2, , , , , ,1,1,1,2,1,55,1,3,1,9,3,1
22,1,1,2,1,2,1,2,1,2,1,1,2,5, ,1, ,1,1,1,1,3,1,56,1,5,1,9,1, 
27,5,2, ,2,2,1,2,2,2,2,2,2, , ,5, , ,1,2,2,2,2,87,5,4,3,4,3,2
30,2,1,2,2,2,1,2,1,1,1,1,1, , ,2, ,4,1,1,2,2,1,62,5,8,2,9,2, 
32,3,1,2,2,2,1,2,2,2,1,2,2, , ,2, , ,1,1,2,3,2,68,1,5,3,5,2, 
34,5,2, ,2,2,2,2,2,2,2,2,2, , , , , ,1,1,2,3,2,78,5,3,3,1,3,8
37,1,2,3,2,2,2,2,2,2,2,2,2, , , , , ,2,1,2,4,2,72,9,4,3,6,1, 
38,2,1,3,2,2,1,2,1,2,2,2,2, , ,5, ,3,1,1,2,4,1,65,1,6,99,99,9,9
40,2,1,1,2,1,1,2,1,2,2,2,2, ,3,3, ,3,2,1,2,3,1,37,3,3,1,4,3,1
41,3,1, ,2,1,1,2,2,2,2,2,2, ,2,1, , ,1,1,2,1,2,85,1,3,3,98,2, 
42,2,1,2,2,2,1,2,1,2,1,2,2, , ,1, ,3,1,1,2,3,2,66,1,5,3,99,1, 
44,3,1,4,2,2,1,2,1,2,1,1,2, , ,2, ,2,2,1,1,3,2,41,1,6,4,7,1, 
45,2,1,1,2,2,1,2,1,2,2,2,2, , ,1, ,1,1,2,1,3,2,50,3,3,1,5,2, 
46,1,1, ,2,2,1,2,1,2,2,2,2, , ,1, ,1,2,2,2,3,2,79,3,6,3,4,2, 
47,2,1, ,2,1,1,2,1,2,2,2,1, ,3,1, ,4,1,1,2,1,2,72,5,7,3,4,2, 
48,1,2,2,2,2,1,2,2,2,2,2,2, , ,5, , ,1,1,2,3,1,78,3,6,3,6,1, 
49,3,2, ,1,2,1,2,1,2,2,2,2,2, ,2, ,3,2,1,2,1,1,71,1,4,3,4,3,2
50,1,1,1,1,1,1,2,1,1,1,2,1,1,3,3, ,1,1,1,2,1,2,44,3,4,3,2,2, 
51,1,1,1,2,1,1,2,1,2,1,1,1, ,4,1, ,1,1,1,1,3,2,68,3,6,3,9,2, 
53,1,1,3,2,2,1,2,1,2,2,2,2, , ,5, ,5,1,1,2,1,2,66,1,7,1,99,3,2
55,2,1,2,2,2,1,2,1,2,2,2,2, , ,1, ,5,2,1,2,3,2,63,3,4,3,9,2, 
58,2,1, ,2,1,1,2,1,2,1,2,2, ,2,1, ,2,1,1,2,3,2,99,1,7,3,99,1, 
62,4,1, ,2,2,1,2,1,2,1,2,2, , ,3, ,3,1,1,2,2,2,78,5,5,4,5,1, 
63,2,1,3,1,2,1,2,1,2,2,2,2,3, ,1, ,3,1,1,1,1,1,49,1,3,4,3,3,2
65,2,2,3,2,2,2,2,1,2,1,2,2, , , , ,2,1,1,1,2,1,41,1,4,1,9,2, 
68,2,1,2,2,2,1,2,2,2,2,2,2, , ,2, , ,1,1,1,2,2,62,1,3,3,6,3,8
69,2,1,1,2,1,1,2,1,2,1,2,2, ,2,2, ,2,1,1,2,2,2,68,1,8,3,99,2, 
71,3,1,2,2,2,1,2,1,2,1,1,2, , ,2, ,3,1,1,1,3,2,56,1,4,6,6,3,1
72,5,1, ,2,2,1,2,1,2,2,2,2, , ,1, ,1,1,2,2,3,2,59,1,2,4,1,2, 
75,2,1,1,2,2,1,2,1,2,1,1,2, , ,3, ,4,1,1,1,3,2,58,1,7,1,9,1, 
76,1,1,3,1,1,1,1,1,2,1,1,2,2,1,1,3,1,2,1,2,1,2,57,1,7,1,8,3,2
80,2,2,2,2,2,2,2,2,2,2,2,2, , , , , ,1,2,2,3,1,65,1,6,3,7,2, 
81,2,1,2,2,2,1,2,2,1,2,1,2, , ,3, , ,1,1,2,2,2,73,1,8,3,7,2, 
85,4,1,2,2,2,1,2,1,2,2,1,2, , ,2, ,4,1,1,2,2,1,50,6,6,1,7,2, 
86,4,1,1,2,2,1,1,2,2,2,2,2, , ,3,3, ,2,2,2,3,2,72,5,5,4,9,3,1
90,3,1, ,2,2,1,2,1,2,1,2,2, , ,2, ,1,1,1,2,4,2,60,3,4,6,2,3,8
91,4,1,1,2,1,1,2,2,2,2,2,2, ,5,1, , ,2,2,2,4,2,43,3,4,1,3,3,1
93,3,1,1,2,2,1,2,2,2,2,2,2, , ,2, , ,2,2,2,2,2,99,2,3,4,1,1, 
95,2,1,3,2,2,1,2,1,2,1,2,2, , ,3, ,4,2,2,2,3,2,57,3,3,1,5,2, 
96,2,1, ,1,2,1,1,1,2,1,2,2,1, ,2,5,2,1,1,1,3,1,79,1,6,3,8,1, 
98,2,1,3,1,2,1,2,1,2,1,2,2,4, ,2, ,3,1,1,2,1,2,71,1,7,3,6,1, 
101,2,1,2,1,2,1,2,1,2,2,2,2,1, ,1, ,2,1,1,1,3,2,39,1,7,1,6,2, 
102,1,2, ,2,2,2,2,2,2,2,2,2, , , , , ,2,1,2,3,2,58,1,7,1,6,3,2
103,2,1,2,2,2,1,2,2,2,2,2,2, , ,1, , ,1,1,2,1,2,53,6,7,1,8,2, 
105,2,1, ,2,2,1,2,2,2,2,2,2, , ,1, , ,1,2,2,3,2,79,1,3,3,99,3,2
109,5,1,2,2,2,1,2,1,2,1,2,2, , ,5, ,5,1,2,2,3,2,48,1,6,1,7,2, 
110,2,1, ,2,2,1,2,1,2,2,2,2, , ,2, ,1,2,1,2,3,2,51,1,4,3,1,1, 
111,2,2,1,2,2,2,2,2,2,2,2,2, , , , , ,1,1,2,2,1,55,1,3,1,99,9,9
114,2,1,1,2,2,1,1,1,2,2,2,2, , ,1,1,3,2,2,1,1,1,18,6,2,2,1,3,8
116,3,1,2,2,2,1,2,2,1,1,2,2, , ,1, , ,2,1,2,1,2,50,1,5,4,98,9,9
117,2,1,3,2,1,1,2,1,2,1,1,2, ,5,1, ,2,1,1,1,3,2,72,1,8,3,9,1, 
121,2,1,3,2,2,1,2,1,2,2,2,2, , ,1, ,1,1,1,2,3,1,99,1,4,3,6,3,2
123,2,1,2,2,1,1,2,2,2,1,2,2, ,2,1, , ,1,1,2,2,2,40,1,6,1,7,2, 
124,4,1, ,1,2,1,1,2,1,2,2,1,3, ,3,4, ,2,2,1,3,2,23,2,3,4,1,2, 
125,2,2,2,2,2,2,2,2,2,2,2,2, , , , , ,1,1,2,2,1,27,6,2,1,6,9,8
127,2,1,2,2,2,1,2,1,2,2,1,2, , ,1, ,3,2,1,2,3,1,72,1,6,3,9,1, 
128,2,1,2,2,2,1,2,1,2,2,2,2, , ,5, ,4,1,1,1,2,1,56,1,5,1,8,2, 
135,5,2,2,2,2,2,2,2,2,2,2,2, , , , , ,1,1,2,4,2,82,5,6,4,9,1, 
136,2,1,3,2,2,1,2,1,2,1,1,2, , ,4, ,2,1,1,2,4,2,99,1,6,3,99,1, 
137,5,1,2,2,2,1,2,2,8,2,2,2, , ,3, , ,2,1,2,4,2,74,5,3,1,5,1, 
139,2,2,2,2,2,2,2,1,2,2,2,2, , , , ,2,1,1,2,4,1,63,1,5,3,5,1, 
142,1,1,2,1,1,1,2,1,1,1,2,2,1,1,4, ,4,2,1,2,4,2,38,6,8,1,9,3,2
148,2,1,3,2,2,1,2,1,2,1,2,2, , ,2, ,5,1,1,2,4,2,68,1,8,3,99,9,9
149,2,1,2,2,1,1,2,1,2,1,2,2, ,4,1, ,2,1,1,2,4,2,66,1,3,3,6,2, 
150,3,2, ,2,2,2,2,2,2,2,2,2, , , , , ,2,1,2,4,1,38,1,4,1,4,5,1
152,2,2,2,2,2,2,2,1,2,1,2,2, , , , ,4,2,1,2,4,2,83,5,6,3,6,3,2
156,2,1,1,1,1,1,2,1,2,1,2,2,5,5,2, ,4,1,1,2,3,2,73,1,4,3,9,1, 
157,1,1,3,1,1,1,1,1,2,2,1,2,3,2,1,2,5,1,1,2,1,2,60,1,6,1,9,2, 
161,3,2, ,2,2,2,2,2,2,2,2,2, , , , , ,1,1,2,1,1,70,1,3,2,6,3,2
167,3,1, ,2,2,1,2,2,2,2,2,2, , ,2, , ,1,1,2,1,2,99,1,5,1,99,9,9
168,2,2,3,2,2,2,2,2,2,2,2,2, , , , , ,1,1,2,1,1,67,1,3,1,5,3,8
170,2,1,3,2,2,1,2,1,2,1,2,2, , ,3, ,3,1,1,2,3,2,52,1,7,1,8,2, 
171,1,1,3,2,2,1,2,1,1,2,2,1, , ,2, ,1,2,1,1,1,1,35,6,7,1,7,2, 
172,2,1,3,2,1,2,2,2,1,2,2,2, ,1, , , ,1,1,2,1,1,99,1,7,3,8,2, 
174,2,1,1,2,2,1,2,1,2,1,2,2, , ,3, ,2,1,1,2,3,2,43,6,2,4,1,2, 
175,3,1,2,2,2,1,2,1,2,2,2,2, , ,4, ,3,1,1,2,3,1,58,6,6,4,3,1, 
176,1,2,3,2,2,2,2,2,2,2,1,2, , , , , ,2,1,2,3,1,52,1,6,1,9,1, 
177,2,1,2,1,2,2,2,1,2,2,2,2,3, , , ,2,1,1,2,2,1,65,1,6,3,7,2, 
178,2,2, ,2,2,2,2,2,2,2,2,2, , , , , ,1,1,2,2,1,70,1,8,3,7,3,9
180,2,2, ,2,2,2,2,1,2,2,2,2, , , , ,2,2,1,2,2,1,50,1,4,1,7,4,2
183,3,1,1,2,2,1,2,1,2,2,2,2, , ,1, ,3,2,1,2,3,2,78,3,4,3,99,1, 
184,2,1, ,2,2,1,2,2,2,2,2,2, , ,2, , ,1,1,2,2,2,99,1,5,1,7,3,1
185,1,1,3,2,2,1,1,1,2,1,2,2, , ,1,1,3,2,1,1,2,2,30,6,5,1,99,1, 
187,2,1,3,2,1,1,2,2,2,2,2,2, ,3,2, , ,1,1,2,2,2,79,1,3,3,4,3,8
188,2,1,2,2,2,1,2,1,2,2,2,2, , ,1, ,2,1,1,1,2,2,38,1,6,1,6,1, 
189,2,1,3,2,2,1,2,2,2,2,2,2, , ,1, , ,1,2,1,4,2,74,5,3,3,5,1, 
198,3,2,2,2,2,2,2,2,2,2,2,2, , , , , ,1,1,2,4,1,82,1,3,3,7,2, 
199,1,1,1,2,2,1,2,1,2,2,1,2, , ,1, ,3,1,1,2,2,2,65,1,6,3,9,2, 
200,1,2,3,2,2,2,2,1,2,2,2,2, , , , ,3,2,1,1,3,1,35,1,5,1,7,4,1
203,1,2,2,2,2,2,2,2,2,2,2,2, , , , , ,1,1,2,4,1,47,1,7,1,3,8,8
208,2,1,2,2,2,1,2,1,2,2,2,2, , ,4, ,3,1,1,2,4,2,65,1,7,1,6,2, 
210,2,1,3,1,1,1,2,1,1,1,1,2,2,3,2, ,3,1,1,2,1,1,65,1,7,1,9,2, 
211,1,1,1,1,1,1,2,2,2,2,1,2,2,3,2, , ,1,1,2,1,2,71,1,6,1,9,1, 
214,4,2, ,2,2,2,2,2,2,2,2,2, , , , , ,1,2,1,3,2,79,5,3,3,6,2, 
215,3,2,1,2,2,2,2,2,2,2,2,2, , , , , ,1,1,2,1,2,99,1,8,3,7,2, 
216,2,2,1,2,2,2,2,2,1,2,2,2, , , , , ,1,1,2,1,2,64,1,8,3,99,1, 
217,3,1,3,2,2,1,2,2,2,1,2,2, , ,1, , ,1,1,2,2,2,71,1,6,3,2,9,9
218,1,1, ,2,2,1,2,1,2,1,2,2, , ,1, ,5,1,1,1,1,2,55,1,5,4,98,1, 
221,2,1,2,2,2,1,2,2,2,2,2,2, , ,1, , ,1,1,2,2,2,69,3,3,3,3,3,2
225,2,1,2,2,2,1,2,1,2,1,1,2, , ,2, ,2,1,1,2,4,2,60,1,8,1,9,3,1
229,2,1,2,1,1,1,2,1,2,1,1,2,3,4,3, ,2,1,1,2,1,2,65,1,5,1,9,2, 
231,1,1,2,2,2,1,2,1,2,2,1,2, , ,2, ,1,1,1,1,1,1,29,6,6,1,6,4,1
232,2,2, ,2,2,2,2,2,2,2,2,2, , , , , ,1,2,2,3,2,99,5,6,3,4,9,9
234,2,1,1,1,2,1,2,1,2,1,2,2,5, ,2, ,5,1,2,2,1,1,56,6,6,2,6,3,1
235,2,1,2,2,2,1,1,1,2,2,2,2, , ,2,3,4,2,1,1,3,1,50,1,5,1,6,1, 
236,2,1,3,2,2,1,2,1,2,1,1,2, , ,3, ,3,1,1,2,3,2,65,1,6,1,9,2, 
237,2,2,2,2,2,2,2,2,2,2,2,2, , , , , ,2,1,2,3,2,56,1,5,1,8,3,1
238,3,1,3,2,2,1,2,1,2,2,2,2, , ,3, ,4,1,1,2,2,2,49,1,6,1,8,1, 
239,2,1, ,2,1,1,2,1,2,1,1,2, ,5,1, ,4,1,1,2,3,2,72,1,5,3,7,2, 
241,2,1,1,1,1,1,2,1,2,2,2,2,1,5,2, ,3,1,1,2,3,1,80,1,6,3,99,3,2
242,2,1,1,2,2,1,2,1,2,2,1,2, , ,2, ,5,1,1,2,3,1,62,1,7,1,6,3,2
245,1,1,1,2,1,1,1,1,2,1,2,2, ,3,2,1,3,2,2,2,3,2,49,1,4,1,3,3,1
247,2,2,2,2,2,2,2,1,1,2,2,2, , , , ,3,2,1,2,4,1,70,1,6,3,99,2, 
249,2,1,2,2,1,1,2,1,8,1,1,2, ,3,1, ,4,1,1,2,4,2,77,3,7,5,7,2, 
251,4,2,2,2,2,2,2,1,2,2,2,2, , , , ,3,1,1,1,3,2,83,1,6,5,99,1, 
252,2,1,3,2,2,1,2,1,2,1,2,2, , ,2, ,3,1,1,1,3,2,78,1,5,3,8,1, 
253,2,1,1,1,2,1,2,1,2,2,1,2,3, ,2, ,3,1,1,2,3,1,62,1,8,1,9,1, 
260,1,1,2,2,1,1,2,1,1,1,2,2, ,1,1, ,2,1,2,1,1,2,33,1,7,1,8,2, 
261,2,1,1,2,2,1,2,2,2,1,1,2, , ,2, , ,1,1,1,1,2,52,1,3,1,4,3,2
262,1,1, ,2,1,1,1,1,2,1,2,2, ,1,2,1,2,1,1,2,1,2,18,6,3,4,5,3,2
265,1,2, ,2,2,2,2,1,2,2,1,2, , , , ,3,1,1,2,2,1,39,1,7,1,99,4,1
266,5,1, ,2,2,1,2,2,2,2,2,2, , ,1, , ,1,1,2,1,2,82,3,3,3,2,2, 
268,2,2,3,2,2,2,2,1,2,2,2,2, , , , ,3,2,1,2,3,1,67,1,5,3,5,3,8
271,3,1,1,2,1,1,2,1,2,1,2,2, ,4,3, ,5,1,2,1,3,2,70,2,8,3,9,3,2
272,2,2,1,2,2,1,1,1,2,2,2,2, , ,3,5,3,2,1,1,3,1,61,1,4,3,8,2, 
273,2,1,2,1,1,1,2,1,2,1,1,2,2,2,2, ,3,1,1,1,2,2,54,6,6,1,5,2, 
275,1,1,3,2,2,1,2,1,2,2,1,2, , ,3, ,4,1,1,2,2,1,71,1,6,3,9,3,2
277,2,2,2,2,2,2,2,1,2,2,2,2, , , , ,2,1,1,1,4,1,35,1,5,4,5,2, 
279,2,1,1,2,2,1,2,1,2,1,2,2, , ,5, ,2,1,1,2,4,2,60,1,5,3,5,1, 
281,2,1,2,2,2,1,2,2,2,2,2,2, , ,2, , ,1,1,2,4,2,76,3,6,3,3,1, 
283,2,1,3,1,1,1,2,1,1,1,1,2,4,1,2, ,5,1,1,8,3,2,64,1,8,3,9,2, 
284,2,2,2,2,2,2,2,2,2,2,1,2, , , , , ,1,1,2,4,1,55,1,6,3,99,2, 
286,2,2,3,2,2,2,2,1,2,2,2,2, , , , ,3,1,1,1,4,1,70,1,6,3,3,2, 
287,4,1, ,2,2,1,2,1,2,2,2,2, , ,1, ,5,1,2,2,4,2,57,5,3,4,1,2, 
289,2,1,2,2,2,1,2,1,2,1,2,2, , ,1, ,4,1,1,2,3,2,64,1,6,3,7,1, 
290,2,1,3,2,2,1,2,1,2,1,1,2, , ,1, ,3,2,1,2,1,2,71,5,7,3,99,2, 
292,3,1, ,2,2,2,2,1,2,2,2,2, , , , ,3,2,1,2,3,1,71,1,2,3,99,9,9
293,2,1,3,2,1,1,2,1,2,1,1,2, ,3,1, ,5,1,1,2,3,2,70,1,4,3,8,2, 
294,1,1, ,2,2,1,2,1,2,2,2,2, , ,1, ,3,1,1,2,2,1,83,5,6,3,99,2, 
296,4,1,3,2,2,1,2,2,2,2,2,2, , ,3, , ,2,2,2,2,2,99,1,4,3,99,3,2
297,2,1,2,2,2,1,2,1,2,8,1,2, , ,3, ,5,1,1,2,2,2,99,9,7,2,99,9,2
298,1,1,3,2,1,1,1,1,2,2,2,2, ,1,1,5,5,1,1,1,4,2,99,9,6,1,99,9,9
301,1,1,3,1,1,2,2,1,1,1,2,2,3,1, , ,4,1,1,1,4,2,60,1,4,3,9,1, 
302,2,1,1,1,2,1,2,1,2,2,1,2,3, ,2, ,1,2,1,2,3,1,46,1,7,1,8,3,2
304,4,2,2,2,2,2,2,1,2,2,2,2, , , , ,5,1,1,2,3,2,63,1,3,2,99,1, 
309,2,1,1,2,1,1,1,1,2,1,1,2, ,2,1,2,1,1,1,1,2,2,46,3,7,1,4,2, 
313,2,1,2,2,2,1,2,1,2,1,1,2, , ,3, ,3,1,1,2,2,2,71,1,5,3,6,1, 
314,2,2,1,2,2,2,2,2,1,2,2,2, , , , , ,2,1,2,1,2,75,5,7,3,99,2, 
316,1,1,1,1,1,1,1,1,2,2,1,2,5,3,1,5,4,2,1,2,1,2,31,1,7,1,7,3,8
317,2,1, ,1,2,1,2,2,2,1,2,2,5, ,1, , ,1,1,2,1,2,54,1,3,2,4,2, 
318,2,1,3,2,2,1,2,2,2,2,1,2, , ,1, , ,1,1,2,2,2,66,6,5,3,4,1, 
320,3,2, ,2,2,2,2,2,2,2,2,2, , , , , ,2,1,2,2,1,85,5,4,3,5,1, 
321,1,1,1,2,2,1,2,2,2,2,2,2, , ,1, , ,2,2,2,3,2,56,1,3,1,99,1, 
322,5,2, ,2,2,1,2,2,2,2,2,2, , ,8, , ,1,1,2,2,2,92,5,4,3,99,9,9
324,1,1,2,2,1,1,2,1,2,2,1,2, ,1,5, ,3,1,1,2,3,2,54,6,6,1,7,2, 
330,2,1,1,2,2,1,2,2,2,8,1,2, , ,3, , ,2,1,2,2,1,52,6,4,6,2,4,9
333,2,1, ,2,2,1,2,1,2,2,2,2, , ,3, ,3,1,1,1,2,2,29,1,5,2,5,1, 
334,2,1,1,2,1,1,2,2,2,2,2,2, ,5,1, , ,1,1,2,3,2,65,1,5,3,9,1, 
336,3,2,1,2,2,2,2,2,2,2,2,2, , , , , ,1,1,2,4,1,58,1,4,1,6,1, 
337,5,2,2,2,2,2,2,2,2,2,2,2, , , , , ,2,1,2,4,2,68,6,4,3,3,2, 
338,2,1,1,2,2,1,2,2,1,2,2,2, , ,1, , ,2,1,2,4,1,77,1,8,3,9,2, 
341,1,1,2,2,2,1,2,1,2,2,2,2, , ,2, ,2,1,1,2,3,1,59,1,6,1,99,8,8
342,2,2,2,2,2,2,2,1,2,2,1,2, , , , ,3,1,1,2,2,1,53,1,6,1,8,3,1
343,2,1, ,2,2,1,2,1,1,1,1,2, , ,2, ,2,1,1,2,4,1,55,1,6,3,7,3,2
345,2,2,2,2,2,2,2,1,2,1,2,2, , , , ,4,2,1,2,3,2,70,5,3,3,99,3,2
346,2,1,2,1,1,1,2,1,1,1,1,2,4,3,5, ,2,1,1,2,2,2,55,1,6,1,99,9,9
347,3,2,2,2,2,2,2,2,2,2,2,2, , , , , ,2,1,2,3,2,65,5,4,1,5,4,8
348,5,2, ,2,2,2,2,2,2,2,2,2, , , , , ,2,1,2,2,2,99,1,8,3,99,9,9
349,2,2,2,2,2,2,2,1,2,2,2,2, , , , ,5,1,1,2,4,2,74,6,7,2,6,1, 
352,1,1,3,1,1,1,2,2,1,1,1,2,1,1,1, , ,1,1,2,1,2,57,1,6,1,9,1, 
354,2,2, ,2,2,2,2,1,2,2,2,2, , , , ,3,1,1,2,4,1,66,1,8,3,9,3,1
356,2,1,2,2,1,1,2,1,2,1,2,2, ,1,2, ,5,1,1,2,3,2,60,3,6,1,6,1, 
357,2,1,2,1,1,1,1,1,2,2,2,2,4,5,1,5,3,1,1,2,3,1,59,1,4,3,7,2, 
358,1,1,2,2,1,1,1,1,2,2,2,2, ,1,1,1,1,1,1,2,3,2,64,3,6,1,7,3,2
359,3,2, ,2,2,2,2,2,2,2,2,2, , , , , ,2,1,2,4,2,71,3,6,3,3,2, 
361,1,1,2,2,1,1,2,1,2,1,1,2, ,3,3, ,4,1,1,2,1,2,61,1,3,1,7,1, 
363,3,2,2,2,1,1,2,1,2,2,2,2, ,2,1, ,2,1,1,2,2,1,88,5,4,3,9,1, 
364,2,1,1,2,2,1,2,1,1,2,2,2, , ,1, ,2,1,1,2,4,2,35,1,8,1,8,2, 
367,2,1,1,1,2,1,2,1,1,2,1,2,3, ,3, ,1,1,1,2,4,1,35,1,4,1,8,3,2
368,2,1,2,1,1,1,2,1,2,2,1,1,1,3,1, ,3,1,1,1,4,1,49,1,6,2,6,2, 
369,1,2,2,2,2,2,2,1,1,2,2,2, , , , ,5,1,1,1,3,1,59,1,6,1,2,1, 
370,2,1,1,1,2,1,2,1,2,2,1,2,1, ,3, ,1,1,1,1,3,1,46,1,5,1,8,2, 
371,2,1,3,2,2,1,2,2,2,2,2,2, , ,3, , ,1,1,2,3,2,63,1,4,3,8,3,1
372,2,1,3,1,1,1,2,1,2,2,2,2,2,2,2, ,4,1,1,2,4,2,24,1,8,1,9,2, 
373,5,2, ,2,2,1,2,1,2,2,2,2, , ,2, ,2,2,1,2,2,2,65,5,2,6,6,4,2
374,2,1,3,2,2,1,2,1,2,1,2,2, , ,3, ,5,1,1,2,2,2,64,1,5,1,8,2, 
375,3,2,2,2,2,2,2,1,2,2,1,2, , , , ,3,1,1,2,4,2,49,6,3,1,5,4,9
378,2,1,2,2,2,1,2,1,2,2,2,2, , ,2, ,2,1,1,2,1,1,68,1,6,3,8,2, 
381,4,1, ,2,2,1,2,1,2,2,2,2, , ,2, ,5,1,1,2,3,2,78,5,4,3,3,3,1
382,3,2,2,2,2,2,2,1,2,2,2,2, , , , ,1,1,1,2,3,1,53,3,6,5,99,3,8
387,2,1,3,2,2,1,2,1,1,1,2,2, , ,3, ,3,1,1,2,3,1,65,1,6,3,8,1, 
389,2,2,3,2,2,2,2,1,2,2,1,2, , , , ,5,2,1,2,3,1,99,1,3,5,99,1, 
100001,2,1,2,1,1,1,2,1,2,2,2,2,5,4,3, ,3,1,1,1,3,1,78,1,6,3,7,1, 
100004,2,1,2,2,2,1,2,2,2,2,2,2, , ,2, , ,2,1,2,3,2,65,3,6,3,99,3,2
100005,2,1,3,2,1,2,1,1,2,2,2,2, ,3, ,3,1,2,2,1,2,1,21,6,3,1,2,3,2
100007,2,2,3,2,2,1,2,1,2,2,1,2, , ,5, ,3,1,1,1,2,1,66,1,3,3,8,1, 
100009,2,1,1,2,2,1,1,1,1,1,1,2, , ,1,5,3,2,1,1,3,2,41,2,6,4,3,3,9
100014,1,1,1,2,1,2,2,1,2,2,2,2, ,1, , ,1,2,1,2,1,2,20,6,3,2,3,3,2
100015,2,1,1,1,1,1,2,1,2,1,1,2,3,2,2, ,3,2,1,2,2,2,53,1,3,1,9,3,1
100016,1,1,2,1,2,1,1,1,1,2,1,1,5, ,3,5,1,2,1,2,1,1,27,6,6,1,8,3,2
100017,2,1,3,2,2,1,2,1,1,1,2,2, , ,2, ,3,1,1,1,1,2,43,1,6,1,8,2, 
100019,2,2,2,2,2,2,2,1,2,2,2,2, , , , ,2,1,1,1,3,1,46,1,4,1,6,1, 
100021,3,1,1,2,2,1,2,1,2,2,2,2, , ,9, ,3,2,1,2,2,1,58,6,3,1,99,1, 
100026,2,1,1,1,1,1,1,1,2,2,2,2,1,2,2,1,2,1,2,2,3,2,27,6,3,4,1,2, 
100027,1,1,3,1,2,1,2,1,1,1,1,2,4, ,1, ,5,2,1,2,3,2,60,1,6,2,99,3,1
100031,1,1,1,2,2,1,2,1,2,2,2,2, , ,2, ,1,2,1,2,2,1,61,1,3,1,6,2, 
100032,2,1,3,2,2,1,2,1,1,2,2,2, , ,2, ,3,1,1,2,2,2,32,1,3,1,4,4,1
100036,2,1,2,2,2,1,2,1,2,2,2,2, , ,2, ,2,1,1,2,2,1,69,1,6,3,7,3,2
100038,2,1,1,2,2,1,2,1,1,2,2,2, , ,1, ,1,1,1,1,3,1,49,1,6,1,9,3,1
100043,3,1,1,2,2,1,2,1,2,2,2,2, , ,3, ,4,2,1,2,3,2,47,6,4,6,2,5,1
100045,2,2, ,2,2,2,2,1,2,2,2,2, , , , ,5,2,2,2,3,2,65,5,4,3,5,2, 
100046,2,1,3,2,2,1,2,1,8,2,1,8, , ,3, ,2,1,1,1,3,2,37,1,4,1,2,1, 
100047,2,1,2,1,1,1,2,1,2,2,1,2,5,4,2, ,5,1,1,2,1,1,60,6,7,5,99,3,2
100050,3,1,1,2,2,1,2,1,2,2,2,2, , ,1, ,3,1,1,1,3,1,54,2,3,3,6,3,9
100052,1,1,1,2,1,1,2,1,2,2,2,2, ,1,1, ,3,1,1,2,1,1,50,1,6,3,6,1, 
100054,2,2,2,2,2,2,2,2,2,2,2,2, , , , , ,1,1,2,3,1,82,4,6,3,3,3,2
100055,3,1,1,2,1,1,1,1,1,2,2,2, ,5,4,3,2,2,1,1,1,1,25,6,3,1,4,3,1
100058,1,2,2,2,2,1,2,1,2,2,1,2, , ,5, ,1,1,1,1,3,2,29,6,5,4,1,3,2
100059,2,1,2,1,2,1,2,1,2,2,2,2,2, ,1, ,3,1,1,1,3,1,56,1,4,1,7,1, 
100060,1,1,3,2,1,1,1,1,2,2,2,2, ,2,1,3,3,1,1,2,3,1,45,6,3,1,7,2, 
100061,1,1,2,1,1,1,1,1,1,2,1,1,2,4,2,4,2,1,1,1,3,1,99,9,6,1,99,3,9
100063,2,1,2,1,2,1,2,1,2,2,1,2,5, ,3, ,3,2,1,1,1,2,64,1,6,5,3,2, 
100066,2,1,1,2,2,1,2,1,2,2,2,2, , ,1, ,1,2,1,2,3,1,25,6,3,1,3,5,8
100067,1,1,2,2,2,1,2,2,2,1,2,2, , ,3, , ,1,1,1,3,2,52,1,7,3,99,1, 
100070,2,1,3,2,1,1,2,1,1,2,1,2, ,3,3, ,3,1,1,1,2,1,39,1,7,1,8,3,9
100072,3,1,1,2,2,1,2,1,2,2,2,2, , ,1, ,3,2,2,2,3,1,43,2,3,4,7,2, 
100074,2,2,3,2,2,2,2,1,2,1,2,2, , , , ,3,1,1,2,1,1,51,6,7,1,7,3,2
100076,3,2,1,2,2,2,2,1,2,2,2,2, , , , ,3,1,2,1,2,1,51,1,4,1,5,4,8
100077,2,1,2,1,1,1,2,1,2,2,1,2,2,3,2, ,2,1,1,2,2,2,70,2,4,3,9,2, 
100078,2,2,2,2,2,2,2,2,2,2,2,2, , , , , ,2,1,2,3,1,61,4,4,2,2,3,1
100079,4,1, ,2,2,1,1,1,2,2,2,2, , ,3,5,3,1,1,2,2,1,38,6,6,5,3,3,8
100082,2,2,3,2,2,2,2,2,2,2,2,2, , , , , ,2,1,2,3,2,70,9,6,3,99,2, 
100086,2,1,2,2,2,1,2,1,2,2,1,1, , ,1, ,2,2,1,1,3,1,29,6,7,1,7,2, 
100087,4,1,1,2,2,1,2,2,2,2,2,2, , ,1, , ,2,1,1,3,1,22,6,4,1,4,1, 
100088,1,1,1,1,1,1,2,1,1,2,2,2,5,5,1, ,1,1,1,1,3,1,38,1,1,1,99,9,9
100092,2,1,3,2,2,1,2,1,2,2,2,2, , ,1, ,1,1,1,2,3,1,61,1,3,1,6,2, 
100093,1,2,2,2,2,2,2,1,2,2,1,2, , , , ,3,1,1,1,1,1,61,1,6,1,9,9,9
100095,2,1, ,1,1,1,2,1,2,2,2,2,5,3,1, ,5,1,1,2,3,2,56,6,2,6,1,2, 
100097,4,2,2,2,2,2,2,1,2,2,2,2, , , , ,4,1,1,2,1,1,64,1,8,1,6,2, 
100098,2,1,1,2,1,2,1,1,2,2,2,2, ,2, ,1,2,2,1,1,1,1,18,6,3,4,98,3,9
100099,2,1,1,2,1,1,2,1,1,1,2,2, ,5,3, ,3,2,1,2,3,1,24,6,3,6,1,2, 
100101,2,1,1,1,1,1,2,1,2,1,1,2,3,3,3, ,3,1,1,1,1,2,53,1,5,1,8,2, 
100103,2,1,1,2,2,1,2,2,2,2,2,2, , ,1, , ,1,1,2,2,2,53,3,6,1,5,3,8
100105,2,2,2,2,2,2,2,2,2,2,2,2, , , , , ,2,1,2,2,1,74,1,6,2,8,1, 
100106,9,1,2,2,2,1,2,1,2,2,2,2, , ,1, ,5,2,1,2,2,1,61,1,3,1,99,1, 
100107,2,1,2,1,1,2,1,1,2,2,1,1,2,1, ,3,1,2,1,1,2,1,18,6,3,7,6,3,2
100108,2,2,2,2,2,2,2,1,2,2,1,1, , , , ,2,2,1,1,3,1,42,1,6,1,99,4,9
100112,1,1,2,1,1,2,2,1,2,1,2,2,2,2, , ,4,1,1,2,3,2,68,1,6,3,9,1, 
100113,3,2,2,2,2,2,2,2,2,2,2,2, , , , , ,2,1,2,3,2,99,1,2,3,99,9,9
100117,3,1, ,2,2,1,2,2,2,2,2,2, , ,5, , ,2,1,2,3,1,59,6,6,3,1,9,9
100118,2,1,1,1,1,1,1,1,2,2,2,2,1,1,1,1,1,1,1,1,2,1,18,6,3,2,9,1, 
100119,2,1,3,2,1,1,1,1,2,2,2,2, ,3,1,2,2,1,1,1,2,2,32,6,3,4,2,1, 
100120,2,1,3,2,2,1,1,1,2,2,2,2, , ,1,2,2,1,1,1,3,1,31,1,2,1,3,3,1
100121,1,1,1,1,1,1,2,1,2,1,1,1,2,3,1, ,1,1,1,1,2,2,38,6,3,1,5,1, 
100122,2,2,3,2,2,2,2,1,2,2,2,2, , , , ,3,1,1,2,3,1,73,1,3,3,8,3,1
100123,2,1,3,1,2,1,1,1,1,2,1,2,3, ,1,3,3,1,1,2,3,1,98,1,7,1,8,3,2
100125,1,1,1,2,1,1,1,1,2,1,1,2, ,2,1,3,2,1,1,1,2,2,30,1,5,1,7,2, 
100126,1,1,1,2,2,1,2,1,2,2,2,2, , ,1, ,1,2,1,1,2,1,28,6,4,1,1,1, 
100131,3,1,2,1,1,1,1,1,2,1,1,1,3,3,1,4,1,1,1,1,3,1,55,1,5,2,4,2, 
100132,2,1,1,1,1,1,1,1,1,1,1,1,5,3,1,5,1,1,1,2,2,2,57,1,8,1,9,3,1
100135,2,1,3,2,1,1,2,1,1,2,1,2, ,5,1, ,3,2,1,2,3,2,52,1,7,1,9,8,1
100136,2,1,1,2,2,1,1,2,2,2,2,2, , ,2,2, ,1,1,2,2,1,26,1,6,1,4,1, 
100137,2,1,2,2,2,1,2,1,2,2,2,2, , ,3, ,1,1,1,1,3,2,43,1,5,4,6,3,2
100139,2,1, ,2,2,1,1,1,2,2,2,2, , ,2,2,3,2,2,2,2,1,48,3,3,2,3,2, 
100141,2,1,4,1,1,1,2,1,2,1,2,2,1,1,1, ,3,1,1,1,2,1,50,1,6,1,9,1, 
100142,2,1, ,2,2,1,2,1,2,2,2,2, , ,1, ,4,1,1,2,3,2,67,3,2,3,1,3,2
100144,2,1,2,2,2,1,2,1,2,1,1,2, , ,1, ,2,1,1,2,2,2,64,6,8,1,7,2, 
100147,2,1,1,1,2,1,1,1,2,1,2,2,3, ,2,3,2,1,1,1,2,2,41,1,6,4,8,1, 
100150,1,1,1,1,1,2,2,1,2,2,1,1,1,5, , ,4,1,1,1,1,1,59,6,6,1,8,2, 
100153,1,1,3,1,1,1,1,1,2,2,1,2,1,1,1,1,3,2,1,1,2,2,25,6,5,1,6,2, 
100154,2,1,2,1,2,1,1,1,2,2,1,2,5, ,2,4,3,1,1,1,3,1,45,1,5,1,6,3,1
100155,1,1,1,1,1,1,2,1,2,2,2,2,3,3,2, ,2,1,1,2,2,2,70,5,6,3,5,3,2
100156,1,1,3,2,2,1,1,1,2,1,2,2, , ,1,1,3,2,1,1,3,2,34,2,5,1,6,3,9
100158,2,1,2,2,2,1,2,2,2,2,2,2, , ,2, , ,2,1,2,2,1,75,1,7,3,9,3,2
100159,3,1,3,2,2,1,2,1,1,2,1,2, , ,3, ,3,1,1,1,1,1,63,1,5,1,8,2, 
100161,2,1,1,2,2,1,2,1,2,2,1,2, , ,1, ,3,2,1,2,1,2,62,5,4,3,5,3,1
100164,2,1,1,1,1,1,2,1,2,2,2,2,4,4,3, ,2,2,1,1,3,1,42,1,7,1,99,2, 
100165,2,1,3,1,2,1,2,1,2,1,1,2,1, ,2, ,3,1,1,1,1,1,47,1,7,1,7,3,9
100167,1,1,2,1,1,1,2,2,2,1,2,2,1,2,1, , ,1,1,2,3,1,54,1,5,3,6,1, 
100171,2,1,2,1,1,1,2,2,2,2,2,2,9,4,1, , ,1,1,1,3,1,56,4,4,3,7,1, 
100173,1,1,1,1,2,1,2,1,2,2,2,2,4, ,1, ,3,2,1,2,2,1,48,3,4,5,9,8,1
100174,3,1,2,1,2,1,2,1,1,2,2,2,5, ,5, ,2,1,2,2,3,1,58,6,3,3,2,1, 
100175,1,1,1,2,1,1,1,1,2,2,2,2, ,1,2,2,1,1,1,1,4,2,23,6,4,2,1,2, 
100176,2,1,4,2,1,1,1,2,2,2,2,2, ,1,1,3, ,2,1,2,3,2,68,1,2,3,5,2, 
100178,2,1,1,1,2,1,2,1,2,1,1,2,4, ,2, ,2,1,1,2,4,1,38,1,5,5,8,1, 
100180,2,1,2,2,2,1,2,1,2,2,1,2, , ,4, ,3,1,1,1,2,1,50,1,6,1,8,1, 
100181,3,1, ,2,1,2,1,1,2,2,2,2, ,1, ,1,1,2,2,2,3,2,28,2,3,4,1,3,1
100185,1,1,1,2,1,1,2,1,8,1,8,8, ,5,1, ,1,1,2,2,4,1,57,3,4,1,99,9,1
100186,2,1,2,2,2,1,2,1,2,2,1,2, , ,1, ,4,2,1,2,4,2,28,6,8,1,9,3,2
100187,5,2, ,2,2,1,2,1,2,2,1,2, , ,5, ,2,2,2,2,4,1,68,3,4,1,4,2, 
100188,1,1,1,2,2,1,2,1,2,2,2,2, , ,1, ,3,2,2,2,4,1,27,6,3,4,3,2, 
100189,2,1,3,1,1,1,2,1,2,2,2,2,2,5,1, ,2,1,1,2,4,2,26,4,4,4,2,3,2
100190,2,1,3,2,2,1,2,1,2,2,1,2, , ,4, ,2,2,1,1,3,2,25,1,6,1,4,3,1
100191,1,1,3,1,1,1,2,1,1,1,1,2,2,1,4, ,1,1,1,1,4,1,23,6,3,1,3,1, 
100193,5,1,2,2,2,1,2,1,1,2,1,2, , ,5, ,2,1,1,2,4,1,50,1,8,1,9,3,2
100194,1,1,3,2,1,1,2,1,2,2,2,1, ,1,2, ,3,1,1,2,4,1,23,6,3,1,2,3,2
100195,1,1,3,1,1,2,2,1,2,2,1,2,1,4, , ,2,1,1,1,4,1,50,1,6,1,9,2, 
100199,2,1,2,1,1,1,1,1,2,2,2,1,1,1,1,1,3,2,1,1,2,1,21,6,3,7,7,1, 
100201,3,2,1,2,1,2,2,1,1,2,2,2, ,3, , ,4,2,1,2,4,1,79,1,6,3,6,1, 
100202,2,1,3,2,2,1,2,2,2,2,2,2, , ,3, , ,1,1,1,4,1,50,1,5,1,9,1, 
100203,2,1,1,1,1,1,1,1,2,1,2,2,1,1,3,1,2,2,1,2,4,2,19,6,4,2,8,3,2
100206,2,2,2,2,2,2,2,2,2,1,2,2, , , , , ,2,1,1,4,2,68,1,8,3,9,1, 
100207,2,1,1,2,1,1,2,1,1,1,1,2, ,5,3, ,3,1,1,2,4,2,27,1,6,2,5,1, 
100209,2,1,3,2,1,1,2,1,1,2,1,2, ,2,1, ,4,2,1,2,4,1,51,1,8,1,8,2, 
100210,2,2,2,2,2,1,2,1,1,2,1,2, , ,3, ,1,2,1,2,4,1,68,1,6,3,7,1, 
100214,2,1,1,1,1,1,1,1,2,2,2,1,5,3,2,1,1,2,1,1,4,1,26,6,4,4,2,2, 
100215,2,1,1,2,2,1,2,2,2,2,2,2, , ,3, , ,2,2,1,4,2,48,1,4,2,99,8,8
100218,1,1,2,2,1,1,1,1,2,2,2,2, ,1,1,3,1,2,1,1,4,1,20,6,3,2,9,2, 
100219,1,1,2,2,2,1,2,1,1,1,1,2, , ,2, ,1,1,1,1,3,1,32,1,6,1,7,1, 
100220,1,1,2,2,2,2,2,1,2,2,1,1, , , , ,1,1,1,1,2,1,32,6,7,1,8,2, 
100221,2,1,3,1,1,1,1,1,2,2,1,1,5,1,1,1,1,1,1,1,3,1,20,6,3,2,6,3,8
100224,1,1,1,1,1,1,1,1,2,1,2,2,1,1,3,1,2,1,2,1,3,2,19,6,3,1,98,8,8
100225,2,1,3,1,1,1,2,1,1,1,2,2,3,1,1, ,3,1,1,1,1,2,99,1,4,1,8,2, 
100226,2,1,2,2,2,1,2,1,2,2,2,2, , ,1, ,1,1,1,2,3,1,55,3,4,2,3,1, 
100229,2,1,1,2,2,1,2,1,1,2,1,2, , ,5, ,2,1,1,2,1,1,73,1,7,2,8,1, 
100234,1,1,1,2,1,2,1,1,1,1,2,1, ,1, ,1,1,1,1,1,3,1,18,6,3,2,98,1, 
100236,1,1,1,2,1,1,2,1,2,2,2,2, ,3,1, ,1,2,2,1,3,2,23,6,4,1,4,4,2
100237,2,2,3,2,2,2,2,2,2,2,2,2, , , , , ,1,1,2,3,1,60,1,5,1,8,3,1
100238,2,1,3,1,1,1,1,1,2,1,2,2,3,1,2,5,2,1,1,2,1,1,39,1,6,1,8,3,8
100239,2,1,1,2,2,1,8,1,1,2,2,1, , ,1, ,3,2,1,2,3,1,34,1,3,1,6,1, 
100241,3,1,2,1,2,1,2,1,2,2,2,2,2, ,2, ,2,2,1,1,3,1,22,6,3,1,3,3,1
100242,2,1,2,2,2,1,2,2,2,2,2,2, , ,1, , ,1,1,1,1,1,99,6,3,1,2,3,2
100244,1,1,3,2,1,1,2,1,2,2,2,2, ,1,1, ,1,2,1,2,3,2,49,3,6,5,5,2, 
100245,2,1,1,1,1,2,2,1,2,2,1,1,3,1, , ,2,2,1,1,3,1,40,1,4,1,8,3,1
100246,1,1,1,1,1,1,2,1,1,1,1,2,5,1,1, ,3,1,1,1,3,2,30,1,8,1,9,2, 
100247,1,1,4,1,1,1,2,1,1,1,1,1,3,2,1, ,1,1,1,1,3,1,40,1,5,3,99,3,8
100248,1,2,2,2,2,2,2,1,2,2,1,2, , , , ,5,2,1,2,3,1,58,1,7,1,9,3,2
100251,2,1,2,1,2,1,2,1,2,2,2,2,3, ,3, ,5,2,1,2,3,1,61,3,4,1,98,3,1
100255,2,2,1,2,2,2,2,1,2,2,2,2, , , , ,1,1,1,1,3,1,54,1,4,4,3,1, 
100258,2,1,1,1,1,1,1,1,2,1,2,2,1,1,2,1,1,1,1,2,1,2,20,6,4,2,1,2, 
100259,2,2,3,2,2,2,2,1,2,2,1,2, , , , ,3,1,1,1,2,1,40,1,6,1,9,1, 
100260,2,1,3,2,1,1,2,1,1,2,2,1, ,3,3, ,2,2,1,1,3,1,30,1,8,1,9,2, 
100261,5,1, ,2,2,1,2,2,2,2,2,2, , ,1, , ,2,1,2,3,2,87,5,3,3,3,1, 
100264,2,2,2,2,2,2,2,2,2,2,2,2, , , , , ,2,2,2,3,1,77,5,7,3,7,3,1
100266,2,1,1,2,1,1,1,1,2,2,2,2, ,5,1,5,2,2,2,2,3,1,25,2,3,2,3,3,2
100269,2,1,2,1,2,1,1,2,2,1,2,2,5, ,5,5, ,1,1,2,3,2,67,3,6,1,6,3,1
100270,2,1,1,1,1,1,2,1,2,1,2,2,4,2,1, ,1,1,1,2,3,1,32,6,7,1,7,2, 
100272,2,1,1,2,1,1,2,1,2,1,1,2, ,5,3, ,2,1,1,1,3,1,50,1,7,1,8,2, 
100273,5,2, ,2,2,2,2,2,2,2,2,2, , , , , ,2,1,2,3,2,65,1,5,3,99,9,9
100274,1,1,1,2,2,2,2,1,2,2,2,2, , , , ,1,2,2,1,3,1,54,1,3,1,4,3,1
100275,3,1,1,2,2,1,2,1,1,2,1,2, , ,2, ,5,2,2,2,1,1,38,9,6,4,1,2, 
100276,1,1,1,2,1,1,2,1,2,2,2,1, ,5,1, ,1,2,1,1,3,1,34,1,4,1,8,3,2
100282,3,2,2,2,2,1,2,2,2,2,2,2, , ,3, , ,1,1,2,3,2,87,5,6,3,4,4,1
100285,1,1,2,1,1,1,1,1,2,2,1,2,5,4,1,5,1,2,1,2,1,1,57,1,6,4,6,2, 
100289,1,1,1,2,2,1,2,1,2,2,1,2, , ,1, ,2,1,1,2,3,2,49,1,4,1,8,1, 
100290,2,1,3,2,2,1,2,2,2,1,2,2, , ,3, , ,1,1,2,2,2,71,1,6,1,99,1, 
100294,2,1,1,2,1,1,2,1,2,2,2,2, ,3,3, ,4,2,1,2,1,2,70,1,6,3,6,2, 
100296,1,1,3,2,2,1,2,1,2,2,2,2, , ,1, ,2,1,1,2,3,1,55,6,6,1,8,1, 
100297,3,2,1,2,2,2,2,2,2,1,2,2, , , , , ,1,1,1,1,2,48,1,6,8,9,1, 
100298,2,1,3,1,2,1,2,1,2,1,1,2,5, ,4, ,1,2,1,2,2,2,48,3,6,1,1,4,8
100302,1,1,1,1,1,1,1,1,1,2,1,2,1,1,1,1,1,2,2,1,1,1,25,2,3,1,3,3,8
100303,2,1,2,2,1,1,2,1,2,2,2,2, ,3,1, ,3,2,1,1,3,1,62,1,3,3,6,2, 
100304,3,1,1,2,2,1,2,1,2,2,2,2, , ,1, ,1,2,1,2,3,1,58,2,5,6,5,1, 
100308,2,1,1,1,1,1,2,1,2,2,2,2,4,3,1, ,3,2,1,2,1,2,51,2,8,1,8,2, 
100310,1,1,3,1,2,1,2,1,2,2,1,1,4, ,2, ,1,2,1,1,4,1,23,6,6,1,9,3,2
100311,1,1,3,2,1,1,2,1,2,2,1,2, ,2,1, ,4,1,1,2,3,2,44,2,6,1,8,3,2
100312,1,1,1,1,2,1,2,1,1,2,1,1,3, ,2, ,2,1,1,1,1,2,32,1,6,2,7,2, 
100313,1,1,1,2,1,1,2,1,1,2,2,2, ,1,3, ,3,1,1,1,1,1,48,1,7,1,9,1, 
100314,1,1,1,2,1,1,2,1,2,2,1,2, ,1,2, ,2,1,1,2,3,1,55,6,6,1,9,1, 
100317,1,1,3,1,2,2,2,1,2,2,2,1,1, , , ,1,1,1,1,3,1,19,6,3,7,5,3,2
100322,2,1,2,2,1,1,1,1,1,2,2,1, ,1,1,4,1,1,1,2,2,1,29,6,4,1,3,3,2
100323,1,1,1,2,1,1,1,1,2,2,1,2, ,1,1,3,1,1,1,1,2,1,39,1,4,1,8,4,2
100324,2,1,3,1,1,1,1,1,2,2,2,2,3,2,1,5,2,1,1,2,2,1,62,1,5,1,8,1, 
100325,2,2,1,2,2,2,2,1,2,2,2,2, , , , ,3,1,1,1,2,1,43,1,3,2,7,1, 
100326,1,1,2,2,2,1,2,1,2,2,1,1, , ,3, ,2,1,1,1,3,1,35,6,3,1,6,3,1
100327,2,1,2,1,2,1,2,1,2,2,2,2,4, ,3, ,5,1,1,2,2,2,70,6,7,3,4,2, 
100328,1,2,2,2,2,2,2,1,2,2,2,2, , , , ,3,1,1,2,4,1,67,3,6,1,6,3,2
100329,2,1,3,1,2,1,2,1,2,1,1,1,5, ,5, ,3,1,1,2,3,1,30,1,6,1,7,3,8
100330,1,2,2,2,2,2,2,1,2,2,2,2, , , , ,1,2,1,2,2,1,23,6,4,2,2,3,1
100331,2,1, ,2,2,1,2,1,2,2,2,2, , ,1, ,1,1,1,2,3,2,55,1,6,3,5,1, 
100333,1,1,2,2,2,1,2,1,1,2,1,2, , ,1, ,1,1,1,2,2,1,48,1,4,1,99,9,9
100334,3,2, ,2,2,2,2,1,2,2,2,2, , , , ,3,1,1,2,3,2,99,9,99,99,99,9,9
100336,2,2,3,2,2,2,2,1,2,1,2,2, , , , ,4,2,1,1,3,1,25,6,3,4,98,4,8
100339,1,1,4,1,1,1,1,1,2,1,1,2,3,1,1,4,4,1,1,1,3,2,36,1,7,1,9,2, 
100340,1,1,2,1,1,1,1,2,1,1,1,2,2,1,2,1, ,2,1,1,3,2,26,2,6,1,6,2, 
100342,2,1,1,1,2,1,1,1,2,2,2,2,3, ,1,2,1,1,1,1,2,1,49,1,6,1,4,1, 
100343,2,1,2,1,1,1,1,1,2,2,2,2,1,4,5,4,3,2,1,1,2,1,35,1,4,1,6,2, 
100344,2,2,3,2,2,1,2,1,1,2,1,2, , ,3, ,2,1,1,2,3,1,34,1,7,1,9,3,2
100347,2,1,3,2,1,1,2,1,2,2,1,2, ,4,1, ,3,1,1,1,2,1,51,1,3,1,8,5,1
100348,2,2, ,2,2,2,2,1,2,2,2,2, , , , ,2,1,2,2,2,2,70,2,6,3,7,3,1
100349,1,1,2,2,1,1,1,1,2,2,2,2, ,1,1,5,3,1,1,2,1,1,26,2,7,7,5,2, 
100352,1,1,1,2,2,1,1,1,2,1,1,2, , ,1,5,3,1,1,2,3,2,46,1,6,1,8,3,2
100353,3,2,2,2,2,2,1,1,8,2,2,2, , , ,2,3,1,1,1,2,1,55,1,2,1,6,3,1
100354,1,1,2,2,2,2,2,2,2,2,2,2, , , , , ,1,1,2,2,1,57,1,6,1,6,2, 
100356,2,1,3,2,2,1,2,1,2,1,2,2, , ,1, ,3,1,1,2,3,2,57,1,6,3,8,1, 
100359,2,1,2,1,1,1,1,2,2,1,1,1,5,5,3,3, ,1,1,1,4,2,24,1,6,1,7,3,2
100362,3,2,2,2,2,2,2,1,2,1,2,2, , , , ,3,1,2,2,3,2,57,1,6,1,6,1, 
100363,2,1,1,2,2,1,2,1,2,1,2,2, , ,1, ,4,2,2,2,2,2,71,3,6,3,6,1, 
100364,2,1,1,2,2,1,2,1,2,2,2,2, , ,1, ,2,1,2,1,1,1,39,6,3,1,5,3,1
100366,2,1,1,2,1,1,1,1,2,2,2,2, ,1,3,1,2,1,1,1,2,1,18,6,2,5,9,1, 
100367,1,1,1,1,1,1,2,1,2,1,1,2,3,2,1, ,3,1,1,1,3,2,33,1,6,1,99,2, 
100371,1,1,2,2,1,1,1,1,1,2,1,2, ,3,1,1,1,1,1,1,3,1,35,6,6,4,8,2, 
100372,2,1,2,2,2,1,2,1,2,1,1,2, , ,3, ,4,1,1,1,3,2,63,1,3,1,7,3,8
100373,1,1,1,2,2,1,2,1,2,2,2,2, , ,1, ,1,2,2,2,3,1,48,3,2,1,1,3,8
100374,2,1,1,2,2,1,2,1,1,2,2,2, , ,1, ,2,1,2,2,3,1,45,1,7,1,9,1, 
100375,2,1,3,2,2,1,2,1,2,1,2,2, , ,3, ,3,1,1,2,2,2,61,1,6,2,7,3,1
100376,2,1,2,1,1,1,2,1,2,1,1,2,3,3,2, ,3,1,1,1,2,2,56,1,5,4,99,1, 
100377,1,1,1,2,2,2,1,1,2,2,2,1, , , ,1,1,1,1,1,2,1,29,1,3,1,6,2, 
100378,2,1,1,2,2,1,2,1,2,2,2,2, , ,2, ,3,2,2,2,3,1,33,1,3,1,3,1, 
100379,2,1,1,1,1,1,2,1,2,1,1,2,3,2,1, ,2,2,1,1,2,1,43,1,5,1,7,1, 
100385,2,1,2,2,2,1,2,1,2,1,1,2, , ,2, ,4,2,1,2,2,2,57,6,8,1,7,3,9
100386,2,1,2,2,1,1,1,2,2,1,1,2, ,1,2,1, ,2,1,2,3,2,25,6,6,4,7,3,2
100389,4,1,2,2,2,1,1,1,2,1,1,2, , ,1,5,2,2,1,2,3,2,38,6,4,5,3,3,2
100391,5,2, ,2,2,1,2,2,2,2,2,2, , ,3, , ,1,1,1,2,1,72,5,3,3,6,2, 
100393,1,1,1,2,2,1,2,1,2,1,1,2, , ,1, ,3,1,1,2,2,1,52,2,7,5,7,3,2
100394,2,2,2,2,2,2,2,2,2,2,1,1, , , , , ,2,1,2,3,2,62,1,6,1,9,1, 
100395,1,2,3,1,2,1,2,1,2,2,1,1,5, ,1, ,4,1,1,1,4,1,49,1,4,1,9,1, 
100396,2,1,2,2,2,1,2,2,2,2,2,2, , ,3, , ,1,1,1,2,1,30,6,6,2,3,3,2
100398,2,1,1,2,2,1,1,1,1,2,1,2, , ,2,5,3,2,1,1,4,1,23,1,4,1,6,1, 
100399,2,1,2,2,1,1,1,1,2,2,1,2, ,3,3,3,1,2,1,1,4,1,58,1,6,1,5,3,1
100400,2,1,3,2,2,1,2,1,1,1,2,2, , ,2, ,3,1,1,2,4,2,71,1,6,4,9,2, 
100401,1,1,2,2,2,1,1,1,2,2,2,2, , ,1,5,3,1,1,1,2,2,42,1,7,1,9,2, 
100402,2,2,1,2,2,2,2,1,1,2,1,2, , , , ,2,1,1,2,4,2,30,6,6,2,2,2, 
100403,2,1,2,2,2,1,2,1,2,2,2,2, , ,3, ,5,2,1,2,4,2,75,1,5,3,4,3,1
100404,1,2,1,2,2,2,2,1,2,2,2,2, , , , ,1,1,1,1,4,1,33,3,3,1,5,3,8
100406,3,1,1,2,1,1,1,1,2,1,2,2, ,1,1,1,1,1,1,1,4,1,19,6,3,2,2,1, 
100407,2,2,2,1,2,2,2,1,2,2,1,2,1, , , ,5,2,1,2,4,1,55,1,6,1,9,2, 
100409,2,1,2,1,1,1,2,1,2,1,1,2,3,3,3, ,4,1,1,2,4,2,66,1,7,1,9,2, 
100410,1,1,3,2,2,2,2,1,2,2,2,2, , , , ,3,1,1,2,4,1,44,3,98,1,9,4,8
100413,2,1,2,2,2,1,2,1,2,1,1,2, , ,1, ,2,1,1,2,4,1,56,1,6,2,4,3,1
100416,1,1,1,2,1,1,2,1,2,1,1,2, ,2,2, ,4,2,1,2,4,2,23,6,6,1,6,2, 
100418,2,1,1,2,1,1,1,2,2,1,2,2, ,1,5,1, ,2,1,2,4,2,18,6,3,4,2,3,8
100419,3,2,1,2,2,2,2,1,2,1,1,2, , , , ,3,2,1,2,4,1,52,4,5,1,7,3,1
100420,1,1,2,2,2,1,2,1,2,2,2,2, , ,1, ,3,1,1,2,4,1,42,6,4,6,1,1, 
100421,2,1,1,2,2,1,2,2,2,2,2,2, , ,1, , ,2,1,2,4,2,52,2,4,1,5,3,1
100424,2,1,1,2,2,1,2,1,2,1,2,2, , ,1, ,3,1,1,1,4,2,35,4,3,2,2,4,8
100425,1,1,1,2,1,2,1,1,2,1,2,2, ,1, ,1,3,2,1,2,4,2,19,6,3,2,9,2, 
100426,2,1,1,1,1,1,2,1,2,1,1,1,3,3,1, ,2,1,1,1,4,1,32,1,6,1,9,1, 
100428,2,1,1,2,1,1,1,1,2,2,2,2, ,1,1,1,3,2,1,1,4,1,25,6,4,1,6,1, 
100429,2,1,2,2,1,1,2,2,2,2,1,2, ,2,3, , ,1,1,2,4,1,31,6,6,1,9,2, 
100431,1,1,3,1,1,1,1,1,1,1,1,1,1,1,2,5,1,1,1,2,4,1,31,6,6,1,8,2, 
100433,4,2,3,2,2,2,2,1,2,2,2,2, , , , ,3,1,1,2,4,1,48,1,4,1,8,2, 
100434,1,1,1,1,1,1,2,1,2,1,1,2,4,3,1, ,1,1,2,1,4,1,56,1,7,3,8,2, 
100435,1,1,1,1,1,1,1,1,2,2,1,2,5,1,1,1,2,1,2,1,4,1,43,9,99,99,99,9,9
100438,2,1,1,2,1,1,2,1,1,1,2,2, ,2,3, ,1,1,1,1,4,2,45,1,3,5,8,1, 
100440,1,1,1,2,2,2,1,1,2,1,2,2, , , ,2,3,1,1,1,4,2,18,6,2,4,98,2, 
100442,2,1,1,2,1,1,1,1,2,2,2,2, ,3,5,1,1,2,1,2,4,1,19,6,4,1,4,2, 
100444,1,1,1,1,1,1,2,1,1,2,2,1,1,5,1, ,3,2,1,1,4,1,50,1,6,1,9,2, 
100445,1,2,2,2,2,2,2,1,2,1,2,2, , , , ,5,1,1,2,4,1,66,1,4,1,9,1, 
100447,1,1,1,1,1,1,2,1,1,1,1,2,1,4,1, ,3,1,1,1,3,1,40,1,6,1,8,3,2
100448,2,1,1,2,1,1,1,1,2,2,2,2, ,3,2,3,3,1,2,1,3,2,21,6,3,1,5,3,2
100450,2,1,2,1,2,1,2,2,2,2,2,2,1, ,1, , ,1,1,2,1,1,69,1,7,3,8,3,2
100451,1,1,4,2,1,1,2,1,1,2,1,2, ,2,2, ,2,1,1,1,2,1,29,2,5,1,4,2, 
100452,1,1,1,1,1,1,1,1,2,1,1,2,3,1,4,3,3,2,1,2,4,1,25,6,6,1,5,2, 
100454,2,2,1,2,2,2,2,2,2,2,1,2, , , , , ,1,2,2,3,1,40,1,7,1,6,3,8
100460,2,1,2,2,1,1,2,1,1,1,2,2, ,1,1, ,3,1,1,2,3,2,62,1,8,3,8,2, 
100461,1,1,3,1,1,1,1,1,1,1,1,2,3,1,1,3,2,1,1,2,1,1,28,6,7,1,7,3,8
100462,1,1,3,1,1,1,2,1,1,1,1,1,3,4,1, ,1,1,1,2,1,1,40,1,7,1,9,4,2
100465,2,2,2,2,2,2,2,1,2,2,2,2, , , , ,5,1,1,2,3,1,59,1,3,1,99,1, 
100466,2,1,2,1,2,1,2,2,2,2,1,2,3, ,1, , ,1,1,2,3,2,70,1,4,3,99,2, 
100470,1,1,1,1,1,1,1,1,2,1,2,1,3,2,1,1,1,1,2,1,1,2,18,6,3,1,2,2, 
100471,2,1,2,2,2,1,2,1,2,2,1,2, , ,2, ,4,2,1,2,1,2,99,1,6,3,7,2, 
100473,1,1,1,1,1,1,1,1,1,1,1,1,5,1,2,1,1,1,1,1,1,2,26,6,6,1,6,2, 
100474,1,2,3,2,2,2,2,1,2,2,1,1, , , , ,3,1,1,2,1,1,64,1,4,3,98,2, 
100475,2,1,1,2,1,1,1,1,2,1,2,2, ,5,3,5,5,2,2,1,3,1,21,6,3,1,2,1, 
100477,2,1,2,2,2,1,2,1,2,2,1,2, , ,3, ,4,2,1,2,1,1,56,6,6,1,7,3,2
100478,3,2,2,1,1,1,2,2,2,2,2,2,1,5,5, , ,1,1,2,2,2,59,3,4,6,99,2, 
100479,1,1,1,2,2,1,2,1,2,2,2,2, , ,1, ,5,1,1,2,3,2,25,6,7,1,4,2, 
100481,1,1,2,2,1,1,1,1,2,1,1,2, ,1,1,1,3,1,1,1,2,2,35,3,6,1,9,1, 
100482,2,1,3,2,2,1,2,1,2,1,1,2, , ,1, ,1,1,1,2,1,1,70,3,6,3,6,2, 
100483,1,1,1,2,1,1,1,1,1,1,2,2, ,1,1,4,3,2,1,2,1,2,25,2,6,2,3,2, 
100484,2,1,2,1,1,1,1,1,1,2,1,2,4,1,1,4,1,2,1,2,1,1,46,6,5,4,3,2, 
100485,1,1,2,2,1,1,2,1,1,1,2,2, ,1,3, ,1,2,1,2,1,2,26,6,6,7,98,2, 
100487,1,1,1,2,2,1,2,1,1,2,1,1, , ,1, ,2,2,1,1,3,1,42,1,4,1,6,3,2
100488,2,1,2,1,1,1,2,1,2,1,2,2,2,1,2, ,4,1,1,2,1,2,61,1,6,3,7,1, 
100489,3,1,1,2,2,1,2,2,2,2,2,2, , ,1, , ,2,2,2,1,1,63,1,5,2,3,2, 
100491,3,1,1,2,1,2,2,2,2,2,2,2, ,2, , , ,2,2,1,3,2,22,6,3,4,3,3,1
100493,2,1,3,1,1,1,1,1,2,2,2,2,1,1,1,1,1,1,1,1,1,1,23,6,3,1,2,3,9
100494,4,2,2,2,2,2,2,2,2,2,2,2, , , , , ,2,1,2,1,2,65,1,4,4,5,2, 
100496,4,1,3,2,1,1,2,2,2,1,2,2, ,1,1, , ,1,2,1,4,2,29,1,3,4,2,4,8
100498,2,1,2,1,2,1,2,1,2,2,1,2,3, ,1, ,3,1,1,1,3,1,43,3,7,1,7,3,1
100499,3,1, ,2,2,1,2,1,2,2,2,2, , ,3, ,3,2,1,2,3,1,72,1,3,3,99,3,1
100500,2,2,2,2,2,2,2,2,2,2,2,2, , , , , ,1,1,1,1,1,55,9,6,1,99,1, 
100501,2,1,3,2,2,1,2,1,2,2,2,2, , ,1, ,1,1,1,2,2,2,64,1,6,5,6,2, 
100506,2,1,2,2,2,1,2,1,2,2,1,2, , ,1, ,5,1,1,2,3,1,54,1,6,1,99,2, 
100507,2,1,2,2,1,1,1,1,2,2,1,2, ,2,3,2,3,2,1,2,3,1,59,1,7,1,8,2, 
100508,1,1,2,2,1,1,1,1,2,1,2,2, ,1,4,5,3,2,1,1,3,1,19,6,3,2,5,3,1
100509,1,1,1,2,2,1,2,1,2,1,2,2, , ,1, ,4,1,1,2,3,2,48,1,6,1,98,2, 
100514,1,1,3,1,2,1,2,1,1,2,1,2,3, ,5, ,3,2,1,1,2,1,39,1,7,1,5,5,8
100515,3,1,2,2,2,1,2,2,1,2,2,2, , ,3, , ,2,1,2,1,2,49,1,6,1,9,2, 
100516,1,1,1,1,1,1,1,1,2,1,2,1,1,1,1,3,1,2,1,2,4,1,35,2,6,1,9,2, 
100517,2,1,2,2,2,1,2,1,2,2,1,1, , ,2, ,3,1,1,2,3,1,58,1,8,1,9,2, 
100518,2,1,2,1,1,1,1,2,2,2,2,2,2,1,3,1, ,2,1,2,1,2,20,2,3,1,2,3,8
100520,2,1,1,2,1,1,2,1,2,1,2,2, ,5,1, ,1,2,2,1,2,2,33,2,3,2,2,2, 
100521,2,1,3,2,1,1,1,1,1,1,2,2, ,5,1,5,3,1,1,1,2,2,36,3,5,2,2,2, 
100523,1,1,1,1,2,2,2,2,2,2,2,2,1, , , , ,2,1,2,1,1,28,4,6,1,7,5,8
100525,2,1,2,2,2,1,2,1,2,2,2,2, , ,2, ,1,2,1,2,4,2,53,1,6,1,8,2, 
100526,2,1,2,1,2,2,2,1,2,2,1,1,1, , , ,3,2,1,1,2,1,29,3,8,1,8,2, 
100528,1,1,1,2,1,1,1,1,2,2,2,2, ,1,1,5,1,2,2,2,1,2,38,6,4,2,1,3,8
100531,2,1,2,1,1,2,2,1,2,2,2,2,2,2, , ,2,1,1,1,3,1,60,1,7,3,9,3,1
100532,1,1,3,1,1,1,1,1,2,2,2,2,2,1,1,1,2,1,1,2,1,2,18,6,4,2,4,2, 
100534,2,1,2,2,2,1,2,1,2,1,2,2, , ,1, ,2,1,1,1,2,2,66,1,4,3,6,3,2
100537,1,1,1,1,1,2,2,1,2,2,1,2,1,2, , ,2,1,1,1,1,1,38,1,6,1,9,2, 
100538,2,1,3,2,2,1,2,1,2,2,1,2, , ,4, ,2,1,1,1,1,1,44,1,7,1,9,2, 
100541,2,1,2,1,1,2,2,2,2,2,2,2,1,2, , , ,1,1,1,3,1,45,1,8,1,9,2, 
100542,3,1,2,2,2,1,2,2,2,2,1,2, , ,2, , ,1,1,1,3,2,48,2,5,4,8,3,8
100543,3,1,2,1,1,2,2,2,2,1,1,2,3,3, , , ,1,1,1,3,2,47,1,8,1,9,2, 
100544,2,1,1,1,1,1,2,1,2,1,1,2,4,2,1, ,2,1,1,1,1,2,57,1,6,2,7,2, 
100547,1,1,2,1,1,1,1,1,2,2,1,1,2,2,1,1,1,2,1,2,1,1,22,6,3,2,8,3,2
100548,2,1,2,2,1,1,2,1,2,1,2,2, ,3,3, ,3,2,2,2,3,2,40,6,6,1,6,3,8
100549,2,2,1,2,2,2,1,1,2,2,2,2, , , ,5,1,2,2,2,3,1,52,3,3,1,3,1, 
100551,3,1,2,2,2,1,2,1,2,2,2,2, , ,5, ,5,1,1,1,1,1,53,5,5,1,5,1, 
100554,1,1,1,2,1,1,1,1,2,1,2,2, ,1,3,1,3,2,1,2,3,2,18,6,3,1,5,1, 
100559,1,1,1,2,1,1,1,1,2,2,1,1, ,1,1,3,3,1,1,1,4,2,38,6,5,1,9,3,2
100564,5,1,3,2,2,1,2,2,2,2,2,2, , ,3, , ,2,1,2,3,2,72,5,6,3,4,2, 
100565,2,1,2,2,1,1,2,2,1,1,1,2, ,3,2, , ,1,1,2,3,2,48,2,4,1,8,3,1
100570,2,2,1,2,2,2,2,2,2,2,2,2, , , , , ,2,1,2,3,1,52,1,3,5,99,1, 
100572,1,1,4,1,1,1,2,1,1,8,1,2,3,1,2, ,3,2,1,1,3,1,35,1,8,1,4,3,2
100574,2,1,2,2,2,1,2,2,2,1,2,2, , ,2, , ,1,1,1,1,2,44,1,8,1,9,3,2
100576,2,1,1,1,2,1,2,1,2,1,1,2,3, ,2, ,3,1,1,1,1,2,44,1,4,2,9,3,2
100577,1,1,1,2,2,1,1,1,2,2,2,2, , ,1,4,2,2,2,2,3,1,50,3,2,6,2,2, 
100578,2,1,3,2,2,1,2,2,2,2,2,2, , ,2, , ,1,1,2,2,2,65,3,4,1,6,2, 
100579,2,1,2,2,2,1,2,1,2,2,2,2, , ,1, ,1,1,1,2,1,1,69,5,4,1,7,2, 
100580,2,1,2,1,1,1,1,1,1,1,1,2,3,3,3,4,4,1,1,1,1,2,55,1,6,1,7,1, 
100581,1,1,3,2,1,1,1,1,2,2,2,1, ,1,1,1,1,1,1,1,3,1,51,2,4,5,99,1, 
100583,2,1,1,2,2,1,2,1,1,2,2,2, , ,3, ,5,1,1,2,3,2,55,2,8,3,5,1, 
100584,3,1,1,2,1,1,1,1,2,1,2,2, ,2,1,1,1,2,1,1,2,1,18,6,3,1,98,1, 
100585,1,1,3,2,1,1,1,1,2,1,1,2, ,2,1,3,3,1,1,1,4,2,37,2,4,1,7,1, 
100588,1,1,1,2,2,1,2,1,2,2,1,1, , ,3, ,2,1,1,1,3,1,30,2,4,5,4,3,9
100590,2,1,2,2,2,1,2,1,2,2,1,2, , ,4, ,2,2,1,2,2,1,54,1,7,1,6,3,1
100591,1,1,1,2,2,1,1,1,2,2,2,2, , ,1,1,4,1,1,2,2,1,37,1,2,1,4,1, 
100592,4,1,1,2,2,1,2,2,2,1,2,2, , ,4, , ,2,2,2,2,2,56,3,6,2,2,1, 
100596,2,1,2,2,2,1,2,1,2,1,1,2, , ,1, ,3,1,1,2,3,2,62,1,5,6,6,1, 
100597,2,1,2,2,2,1,2,1,2,1,2,2, , ,3, ,4,1,1,2,2,2,65,1,8,3,7,2, 
100599,1,1,3,1,1,1,2,1,1,2,1,1,4,1,1, ,2,1,1,2,1,2,33,2,6,1,9,2, 
100600,2,1,2,1,1,2,2,1,2,2,1,1,1,3, , ,2,1,1,1,3,1,46,1,6,1,9,3,2
100601,1,1,1,2,2,1,1,1,1,2,2,1, , ,1,5,4,2,1,1,4,2,29,1,7,1,6,2, 
100603,4,2,2,2,2,2,2,2,2,2,2,2, , , , , ,1,2,2,4,1,68,3,3,3,2,1, 
100604,2,1,2,2,1,1,2,1,2,2,1,2, ,3,3, ,3,1,1,1,4,1,35,1,8,1,9,3,2
100605,2,1,3,1,1,1,2,1,2,1,2,1,2,3,1, ,1,1,1,2,4,2,57,1,5,4,7,1, 
100606,2,1,1,1,1,1,1,1,2,2,1,2,3,1,1,1,3,2,1,1,4,1,20,6,3,4,8,3,2
100607,2,1,3,1,1,1,2,1,2,1,1,2,3,3,2, ,4,1,1,2,4,2,52,1,8,1,9,3,2
100608,3,1,1,2,2,1,2,2,2,2,2,2, , ,1, , ,2,1,2,4,2,73,3,5,3,4,3,2
100609,2,1,1,2,2,1,2,1,2,2,2,2, , ,3, ,3,1,1,2,4,1,55,1,3,1,6,2, 
100612,1,1,3,1,1,1,2,1,2,2,1,2,5,1,1, ,1,2,1,1,4,1,40,1,6,1,8,3,1
100614,2,1,3,2,2,1,1,1,1,2,1,1, , ,3,5,1,2,1,1,4,1,32,6,4,1,3,3,2
100615,1,2,3,2,2,2,2,1,2,2,2,2, , , , ,4,2,1,2,1,1,57,1,7,1,9,3,8
100616,2,1,3,2,1,1,2,2,2,1,2,2, ,1,1, , ,1,2,2,3,2,59,1,6,1,8,2, 
100620,2,1,3,1,1,1,2,1,2,2,1,2,3,4,3, ,3,1,1,1,1,2,45,1,6,1,9,3,2
100622,2,1,2,2,2,1,2,2,2,1,2,2, , ,3, , ,1,1,1,1,2,60,1,6,4,4,3,2
100626,2,1,2,2,2,1,2,1,2,2,1,2, , ,3, ,5,1,1,2,3,2,68,1,6,3,5,1, 
100628,2,1,2,2,2,1,2,1,2,2,1,2, , ,1, ,2,1,1,1,3,1,54,1,6,1,9,2, 
100632,2,1,1,2,2,1,2,1,1,1,1,2, , ,5, ,3,2,1,2,1,1,67,1,6,3,6,3,2
100633,4,2,1,2,2,1,2,1,2,1,2,2, , ,2, ,3,1,1,1,2,1,72,1,4,1,8,1, 
100636,2,1,2,2,2,1,2,2,2,2,2,2, , ,2, , ,2,1,2,4,1,58,1,7,1,9,3,1
100638,1,1,1,1,1,1,1,1,1,1,1,2,3,1,1,4,3,1,1,2,3,1,41,3,6,1,9,1, 
100639,2,1,2,2,2,2,2,2,2,2,1,2, , , , , ,1,1,1,3,1,48,1,6,1,8,1, 
100640,1,1,1,2,2,1,2,1,2,2,2,2, , ,2, ,3,2,2,2,3,2,67,3,3,1,1,1, 
100643,2,1,1,2,1,1,2,1,2,2,2,2, ,2,1, ,2,2,1,1,2,2,57,5,3,1,3,4,2
100644,2,1,1,2,2,1,2,1,2,2,2,2, , ,3, ,3,1,1,2,4,2,38,2,6,1,4,3,1
100646,2,1,3,2,2,1,2,1,2,2,2,2, , ,1, ,3,1,1,2,4,2,67,1,6,3,7,2, 
100647,2,2,1,2,2,2,2,2,2,2,2,2, , , , , ,1,1,2,2,2,69,5,6,3,6,3,2
100651,1,1,2,2,1,1,2,1,1,1,2,2, ,1,1, ,1,1,1,1,3,2,39,1,7,1,8,2, 
100652,3,2,2,2,2,2,2,1,1,2,1,2, , , , ,4,1,1,2,3,1,64,1,3,3,7,1, 
100653,1,2,3,2,2,2,2,2,2,2,1,2, , , , , ,1,1,2,3,1,66,3,7,1,9,1, 
100654,2,2,3,2,2,1,2,2,2,2,2,2, , ,1, , ,1,1,2,2,1,83,4,6,3,3,3,8
100655,1,1,1,2,1,1,1,1,1,1,2,2, ,1,1,2,3,2,1,1,1,2,30,2,6,1,7,2, 
100657,2,1,1,2,2,1,1,1,2,1,2,1, , ,1,1,1,2,1,1,2,1,25,6,6,4,9,1, 
100658,3,2,1,2,2,2,2,1,2,2,2,2, , , , ,5,2,2,1,3,1,63,1,4,3,4,3,2
100660,2,1,1,1,1,1,2,1,1,2,2,2,5,1,1, ,1,2,2,1,2,1,30,6,3,8,98,3,8
100661,1,1,3,2,2,1,2,1,2,2,2,2, , ,4, ,3,1,1,1,3,2,58,1,3,4,5,3,2
100664,2,1,3,1,2,1,2,1,2,1,2,2,2, ,2, ,2,2,1,1,2,2,63,1,8,3,7,4,8
100666,2,1,2,1,2,1,2,1,1,2,2,2,5, ,1, ,1,1,1,2,4,2,60,1,4,5,9,2, 
100667,1,2,2,1,2,2,2,1,1,2,1,1,4, , , ,3,2,1,2,2,1,27,1,6,1,6,2, 
100671,2,1,1,1,1,1,2,1,1,2,1,2,5,3,3, ,4,1,1,2,3,1,34,2,7,1,7,2, 
100674,2,1,2,2,1,1,2,2,2,1,2,2, ,3,3, , ,1,1,2,4,2,60,1,6,3,99,3,2
100675,2,1,2,2,1,1,2,1,1,1,1,1, ,3,1, ,3,2,1,2,4,2,61,1,5,8,8,3,8
100677,2,1,1,1,1,1,1,1,2,2,1,2,2,1,1,1,2,2,2,2,2,1,25,6,5,1,99,9,9
100680,2,1,3,2,1,1,1,1,1,2,1,1, ,1,1,1,3,1,1,1,3,1,26,6,4,1,99,4,8
100682,3,2,1,2,2,2,2,1,2,2,2,2, , , , ,3,2,2,2,4,1,57,6,5,2,4,2, 
100683,2,1,1,2,2,1,2,1,2,1,2,2, , ,2, ,2,2,1,2,4,2,37,1,6,2,5,3,1
100686,1,1,2,2,2,1,2,1,2,1,2,1, , ,1, ,1,1,1,1,4,2,52,1,6,4,4,2, 
100687,3,1,2,2,2,1,2,2,2,1,2,2, , ,2, , ,1,1,2,3,2,68,3,3,3,5,1, 
100688,2,1,2,2,2,1,2,2,2,2,2,2, , ,3, , ,2,1,2,3,1,58,1,8,1,8,1, 
100689,2,2,1,2,2,2,1,1,2,2,2,2, , , ,3,5,1,2,1,2,1,44,1,5,1,7,2, 
100691,2,2,2,2,2,2,2,1,2,2,2,2, , , , ,2,2,1,2,3,1,63,3,6,5,99,3,2
100693,2,2,2,2,2,2,2,1,2,2,2,2, , , , ,3,2,1,2,2,1,56,3,6,1,6,1, 
100694,2,1,1,2,1,1,1,1,2,1,2,1, ,1,1,1,1,1,1,1,3,1,18,6,2,2,1,3,1
100696,2,1,1,2,1,1,1,1,2,2,2,1, ,3,2,3,3,2,2,1,2,2,21,6,3,1,3,3,2
100698,2,1,2,2,2,1,2,1,2,1,2,2, , ,3, ,4,1,1,2,2,2,58,1,4,1,9,1, 
100699,3,2,1,2,2,2,2,1,2,2,2,2, , , , ,3,1,1,2,2,1,52,1,3,1,4,1, 
100701,1,1,2,1,1,1,2,1,2,2,1,2,4,4,1, ,4,1,1,2,1,2,67,6,6,1,6,2, 
100703,2,1,1,2,2,1,2,1,2,1,2,2, , ,2, ,3,1,1,1,4,1,37,1,5,1,6,2, 
100706,1,1,1,1,2,1,2,1,2,2,1,1,1, ,3, ,3,1,1,2,3,1,33,1,8,1,9,3,9
100707,2,1,1,2,1,1,1,1,2,2,2,2, ,1,1,1,3,2,1,1,1,1,24,6,6,2,3,2, 
100708,1,1,2,2,1,1,2,1,1,1,2,2, ,3,3, ,3,1,1,2,2,2,62,1,8,2,9,2, 
100710,1,1,3,2,2,1,2,1,2,2,1,2, , ,1, ,3,2,1,2,1,1,44,1,8,1,9,1, 
100712,2,1,1,2,1,1,1,1,2,2,2,2, ,3,3,2,3,2,1,1,4,1,24,6,4,1,6,3,1
100713,2,1, ,2,2,1,2,2,2,2,2,2, , ,1, , ,1,1,2,1,2,72,1,3,3,3,2, 
100714,2,2,1,2,2,2,2,1,2,2,2,2, , , , ,2,2,1,2,4,1,72,1,7,3,7,2, 
100716,2,1,1,1,2,1,2,1,2,1,1,1,3, ,1, ,1,1,1,1,2,1,47,1,6,1,8,2, 
100719,1,1,1,1,1,1,1,1,2,2,2,2,2,2,2,2,2,2,1,2,3,2,18,6,3,2,1,2, 
100720,5,2,1,2,2,2,2,2,8,2,2,2, , , , , ,2,2,2,4,2,72,5,4,4,2,3,8
100721,2,1,1,1,1,1,2,1,2,2,2,2,3,1,1, ,4,2,1,1,3,1,48,4,4,1,6,1, 
100723,2,1,1,2,2,1,2,1,2,2,2,2, , ,1, ,2,2,1,2,2,1,61,3,3,6,2,3,2
100725,1,1,2,2,2,1,1,1,2,2,2,2, , ,1,3,1,1,1,2,3,1,53,6,7,1,5,2, 
100726,3,1,2,2,2,1,2,1,2,2,2,2, , ,1, ,4,1,1,1,3,2,66,1,3,3,5,1, 
100727,3,1,2,2,1,1,2,1,2,2,2,2, ,2,1, ,1,1,1,2,1,1,57,6,3,3,4,1, 
100728,1,2,1,2,2,2,2,1,8,2,1,1, , , , ,3,2,1,1,2,1,26,6,6,1,98,1, 
100731,1,1,3,2,2,1,2,1,2,2,2,2, , ,3, ,3,1,1,1,2,2,60,4,2,8,1,3,2
100733,2,1,2,2,2,1,2,2,2,2,2,2, , ,1, , ,1,1,2,1,1,57,1,6,3,9,1, 
100734,1,1,1,2,1,1,2,1,2,1,2,2, ,1,1, ,1,1,1,2,4,1,36,1,6,1,2,1, 
100735,2,2,3,2,2,2,2,2,2,2,2,2, , , , , ,1,1,2,2,1,75,1,6,3,98,8,8
100737,1,1,1,1,1,1,1,1,2,1,2,1,5,3,1,1,1,1,1,1,2,2,23,6,4,4,1,3,1
100738,2,1,1,2,1,1,2,1,1,1,1,2, ,1,3, ,1,1,2,1,1,2,30,1,6,1,7,4,8
100739,2,1,3,2,2,1,2,2,2,2,2,2, , ,2, , ,1,1,2,4,1,60,2,7,3,8,1, 
100740,2,1,2,1,1,1,1,1,2,1,1,2,3,5,5,5,4,1,1,2,3,1,32,1,7,1,6,3,2
100744,2,1,3,1,1,1,2,1,2,2,1,2,1,1,3, ,1,1,1,1,3,1,27,6,8,1,9,2, 
100746,1,1,2,1,1,1,2,1,2,2,1,2,1,5,2, ,3,1,1,2,4,1,65,1,6,1,9,1, 
100748,2,1,2,2,1,1,1,1,2,2,2,2, ,1,4,1,1,2,1,1,2,1,18,6,2,1,8,3,2
100749,4,1, ,2,2,1,2,1,2,2,2,2, , ,3, ,3,1,2,2,2,1,51,6,3,1,7,1, 
100750,2,1,2,2,2,1,2,2,2,2,2,2, , ,3, , ,1,2,2,1,2,78,5,3,4,98,3,1
100751,4,2, ,2,2,2,2,1,2,2,2,2, , , , ,2,2,1,1,3,1,50,6,6,1,7,4,1
100752,2,2,3,1,2,2,2,1,2,2,2,2,3, , , ,2,1,1,2,3,1,52,1,6,1,7,2, 
100754,2,1,2,1,1,1,1,1,2,1,1,1,1,1,2,3,3,1,1,2,2,1,51,1,3,1,8,2, 
100756,1,1,2,2,1,1,2,1,1,2,1,2, ,2,1, ,3,2,1,1,1,1,32,1,2,1,8,1, 
100757,2,1,3,2,2,1,2,1,2,2,2,2, , ,2, ,2,1,1,2,4,2,49,1,7,1,7,2, 
100758,1,2,9,2,2,2,2,2,2,2,2,2, , , , , ,1,1,2,2,1,22,6,4,1,9,1, 
100762,1,1,1,2,1,1,1,2,2,1,2,2, ,2,3,1, ,2,1,2,3,2,18,6,3,4,9,3,2
100766,2,1, ,1,2,1,2,2,2,2,2,2,5, ,2, , ,2,1,2,4,2,62,3,4,1,5,2, 
100769,2,1,2,2,2,2,2,2,2,2,2,2, , , , , ,1,1,1,1,1,27,1,8,1,8,3,2
100770,1,1,1,1,1,1,2,1,2,2,2,2,3,2,2, ,2,1,1,1,3,1,29,6,5,1,4,3,9
100771,2,1,3,2,2,1,1,1,2,1,1,1, , ,1,1,3,1,1,2,3,2,55,1,4,5,8,1, 
100772,1,1,1,2,1,2,1,1,2,2,2,2, ,1, ,1,1,2,1,1,3,1,19,6,3,2,6,3,1
100774,1,1,3,1,1,1,2,1,2,1,1,2,1,1,1, ,3,1,1,1,3,1,29,1,6,1,9,3,1
100776,2,2,2,1,2,2,2,1,1,1,2,1,3, , , ,2,1,1,2,2,1,59,3,5,3,8,1, 
100778,2,1,2,2,2,1,2,1,2,2,2,2, , ,3, ,1,1,1,2,2,1,35,1,7,1,7,1, 
100780,3,1,1,1,1,1,2,1,1,2,2,2,1,3,1, ,1,1,1,2,1,1,44,1,4,1,6,2, 
100785,1,2,2,1,2,2,1,1,2,2,2,2,3, , ,4,1,1,1,1,2,1,23,6,3,4,98,3,1
100788,4,1,1,2,2,1,2,1,2,2,2,2, , ,1, ,3,2,2,2,3,1,37,1,5,3,2,2, 
100789,2,1,1,2,2,1,1,1,2,1,2,2, , ,1,1,2,1,1,2,2,1,21,1,4,1,6,1, 
100790,2,1,1,2,2,1,1,1,2,2,2,2, , ,2,5,5,2,2,2,2,1,66,3,3,3,98,1, 
100793,2,1,2,2,2,1,2,1,2,2,2,2, , ,3, ,3,1,1,1,3,2,53,1,4,1,7,2, 
100794,2,2,1,2,2,2,2,2,2,2,2,2, , , , , ,1,1,2,3,1,56,1,8,1,9,1, 
100797,5,1,3,2,1,1,2,1,2,1,2,2, ,2,2, ,1,2,1,1,1,2,43,1,3,4,1,2, 
100799,2,1,1,1,2,1,2,1,1,2,1,2,1, ,3, ,4,1,1,2,2,1,34,1,8,1,9,2, 
100800,2,1,2,2,1,1,2,1,2,1,2,2, ,5,1, ,2,2,1,2,2,2,53,1,6,1,2,1, 
100802,1,1,1,1,2,2,2,1,2,2,2,1,1, , , ,2,2,1,1,1,1,33,2,6,1,7,2, 
100803,2,1,3,2,2,1,2,1,1,2,1,2, , ,3, ,2,1,1,2,3,1,52,1,7,1,9,3,8
100805,2,2,2,2,2,2,2,2,2,2,2,2, , , , , ,1,1,2,3,1,64,1,7,3,5,1, 
100807,2,1,3,2,2,1,2,1,2,2,2,2, , ,1, ,5,1,1,2,3,2,67,1,7,3,98,3,1
100810,2,1,1,2,2,1,1,1,2,2,2,2, , ,1,1,1,2,2,2,3,1,28,1,2,1,4,3,9
100814,1,1,3,2,2,1,2,2,2,2,2,2, , ,2, , ,1,1,2,3,1,63,3,5,1,3,3,1
100816,1,1,3,2,1,1,1,1,2,2,2,2, ,1,1,2,3,1,1,1,3,1,45,1,6,1,3,1, 
100820,2,1, ,1,1,1,1,1,1,2,2,2,3,1,2,3,1,1,1,2,1,1,37,3,3,1,3,3,1
100822,1,1,1,1,1,1,1,1,1,1,1,2,4,2,2,3,4,1,1,2,4,2,31,4,7,1,7,2, 
100823,1,1,3,2,1,1,2,1,2,1,2,2, ,1,1, ,3,2,1,1,1,2,29,1,5,1,6,4,9
100826,1,2,2,2,2,2,2,2,2,2,2,2, , , , , ,1,1,2,2,1,72,1,8,3,6,1, 
100827,2,1,1,2,2,1,2,1,1,2,2,2, , ,1, ,3,2,2,2,2,1,40,1,8,1,3,3,1
100828,2,1,2,2,2,1,2,1,2,1,1,2, , ,4, ,5,1,1,2,3,1,61,1,3,5,9,1, 
100830,2,2,2,2,2,2,2,2,2,2,2,2, , , , , ,1,1,1,2,2,19,6,5,2,2,2, 
100831,2,1,3,2,2,1,1,1,2,1,8,1, , ,2,1,2,1,2,1,2,1,21,3,5,4,1,1, 
100832,1,1,3,1,1,1,1,1,1,1,1,1,1,1,1,1,1,1,1,1,3,1,38,1,4,1,8,1, 
100833,3,1, ,2,1,2,2,1,2,2,2,2, ,5, , ,2,1,1,1,3,2,49,1,3,1,4,3,2
100835,1,1, ,1,1,1,1,1,1,2,1,2,1,1,1,1,1,1,1,2,2,2,25,6,4,2,4,2, 
100836,4,2,1,2,2,2,2,2,2,2,2,2, , , , , ,1,2,2,3,2,75,1,2,3,5,2, 
100838,1,2,3,2,2,2,2,1,1,2,2,2, , , , ,3,1,1,2,3,1,42,1,7,5,98,3,2
100842,2,1,3,2,1,1,2,1,2,1,1,2, ,1,1, ,4,1,1,2,3,2,67,1,6,3,8,1, 
100843,2,2,3,2,2,2,2,2,2,1,2,2, , , , , ,1,1,2,3,1,73,4,5,5,6,2, 
100847,2,2,3,2,2,2,2,1,2,2,1,1, , , , ,3,2,1,2,2,1,51,1,7,1,9,1, 
100849,2,1,1,2,2,1,2,1,1,2,2,2, , ,1, ,1,1,1,1,3,1,33,1,3,4,1,3,1
100851,1,2,3,2,2,2,2,1,2,2,2,1, , , , ,2,2,1,1,2,1,30,6,5,7,7,3,2
100855,1,1,2,2,2,1,1,1,2,2,2,2, , ,5,2,1,2,1,2,2,1,45,6,5,4,99,9,2
100856,2,1,2,2,2,1,2,1,2,2,2,2, , ,1, ,4,2,1,1,3,2,52,1,3,6,6,1, 
100859,1,1,1,2,2,1,2,1,1,2,2,2, , ,1, ,3,2,1,2,3,1,52,1,7,1,4,2, 
100860,1,1, ,2,2,1,2,2,2,1,2,2, , ,1, , ,1,1,2,2,2,60,1,3,2,6,1, 
100862,1,2,1,2,2,2,2,1,2,2,2,2, , , , ,1,1,2,2,1,1,27,6,3,2,8,3,9
100865,2,1,2,1,2,2,2,1,1,1,2,1,2, , , ,1,1,1,1,2,1,21,6,4,1,9,3,2
100866,2,1,3,2,2,1,2,1,2,1,2,2, , ,1, ,5,2,1,2,2,2,55,3,5,1,2,9,9
100869,2,1,3,1,2,1,2,1,2,1,2,2,1, ,1, ,1,2,1,2,2,1,58,1,4,1,4,1, 
100871,1,1,2,1,2,1,1,1,2,2,2,2,2, ,1,1,1,2,1,1,3,1,21,6,4,2,2,2, 
100873,2,1,2,2,1,2,2,2,2,1,2,2, ,3, , , ,2,1,2,2,2,39,6,3,1,4,1, 
100875,2,1,2,2,1,1,2,1,1,1,1,2, ,4,3, ,3,2,1,2,3,2,40,1,6,2,4,2, 
100877,2,1,1,2,1,1,1,1,1,2,1,2, ,1,2,1,2,2,1,2,3,1,23,6,6,7,1,3,9
100878,1,1,2,2,2,1,2,1,2,1,1,2, , ,5, ,4,1,1,1,2,2,52,1,6,1,9,2, 
100880,2,1,2,1,2,2,2,1,2,2,2,2,1, , , ,4,1,1,2,2,1,48,1,7,1,8,3,1
100882,1,1,2,1,1,1,1,1,1,2,1,1,3,1,1,4,2,2,1,2,2,2,28,6,6,1,6,2, 
100884,4,1,2,1,2,1,2,2,2,1,1,2,3, ,2, , ,1,1,1,4,2,99,1,6,3,99,2, 
100889,1,2,3,2,2,2,2,1,2,2,1,1, , , , ,3,1,1,2,4,1,26,6,7,8,5,5,2
100891,2,1,1,1,1,1,1,1,1,1,1,2,2,3,4,4,3,2,1,2,4,1,26,2,6,1,6,2, 
100893,1,1,1,1,1,1,1,1,1,1,2,1,3,2,5,3,2,2,1,1,4,1,18,6,2,2,9,3,1
100894,1,2,1,2,2,2,2,1,2,2,2,2, , , , ,1,2,2,2,4,1,39,6,7,1,9,1, 
100895,2,1,3,1,1,1,2,1,1,1,1,2,1,1,5, ,5,1,1,2,4,2,30,6,6,5,6,2, 
100896,2,1, ,2,2,1,2,1,2,2,2,2, , ,1, ,3,1,1,2,4,1,99,6,4,99,99,3,2
100897,2,1,1,2,2,1,2,2,2,2,2,2, , ,4, , ,2,1,2,4,1,56,3,5,1,7,2, 
100898,2,1,3,2,2,1,2,1,2,2,2,1, , ,1, ,2,1,1,2,4,2,67,1,7,3,7,2, 
100899,2,1,1,2,2,1,2,1,2,2,2,2, , ,2, ,1,2,2,1,4,1,20,2,2,4,1,3,1
100908,1,1,2,2,1,1,1,2,1,2,1,2, ,1,1,2, ,1,1,2,2,1,31,1,6,1,8,3,2
100909,2,1,2,2,2,1,2,2,2,2,2,2, , ,2, , ,1,1,2,3,1,70,1,6,1,9,2, 
100910,1,1,1,1,1,1,1,1,2,2,1,2,1,1,1,1,2,1,1,1,3,1,25,6,7,2,3,1, 
100913,2,2,4,2,2,2,2,2,2,2,1,2, , , , , ,1,1,2,1,1,62,1,5,1,9,3,1
100914,3,2, ,2,2,2,2,2,2,2,2,2, , , , , ,1,2,2,3,1,64,1,3,1,7,3,2
100918,1,1,1,1,2,1,2,1,2,1,1,2,2, ,1, ,3,1,1,1,2,1,55,1,6,1,9,3,2
100919,2,1,1,1,2,1,2,1,2,1,1,2,3, ,3, ,3,1,1,1,3,1,70,1,7,3,8,1, 
100920,4,1,1,2,1,1,1,1,2,2,2,2, ,5,1,5,3,2,2,2,1,1,50,6,4,4,2,2, 
100924,2,1,1,2,2,1,2,1,1,1,1,2, , ,2, ,3,1,1,1,2,2,47,1,8,2,9,9,9
100930,2,2,1,2,2,2,2,2,2,2,2,2, , , , , ,1,1,2,1,2,99,1,6,1,3,3,8
100933,2,2,2,2,2,2,2,2,2,2,2,2, , , , , ,1,1,1,1,2,53,1,3,1,99,9,9
100935,4,1, ,2,2,1,2,1,2,2,2,2, , ,2, ,1,2,2,1,1,1,22,1,3,1,2,3,1
100937,1,2,4,2,2,2,2,1,2,2,2,2, , , , ,4,2,1,2,3,1,63,1,5,1,8,1, 
100938,2,1,1,2,2,1,2,1,2,1,2,2, , ,1, ,4,1,1,2,1,2,64,1,5,2,99,1, 
100940,1,1,1,2,2,1,2,1,2,1,2,2, , ,1, ,1,1,1,1,2,2,50,1,5,5,8,1, 
100941,3,2,3,2,1,2,2,1,1,1,2,2, ,3, , ,3,2,1,1,3,1,33,1,4,1,9,1, 
100942,2,1,2,2,2,1,2,2,2,2,1,2, , ,5, , ,2,1,2,3,2,56,1,6,1,7,2, 
100943,4,1,1,1,1,1,1,2,1,2,2,2,1,4,3,2, ,2,2,2,3,1,50,1,8,1,8,8,8
100944,2,1,3,2,2,1,2,1,2,1,2,2, , ,1, ,3,2,1,1,1,2,47,1,7,4,7,1, 
100946,2,2,3,2,2,2,2,1,2,2,2,2, , , , ,4,1,1,2,3,1,69,1,6,3,7,1, 
100947,2,1,1,2,2,1,2,1,2,2,2,2, , ,1, ,1,2,1,2,2,2,81,5,6,8,4,1, 
100948,2,1,2,1,2,1,2,1,1,2,1,1,1, ,1, ,1,1,1,1,3,1,54,1,6,4,2,3,2
100950,1,1,1,2,2,1,2,1,2,2,1,2, , ,1, ,1,2,1,1,3,1,50,1,3,5,6,4,8
100951,2,1,1,1,1,1,1,1,1,1,1,2,2,3,1,5,1,1,1,2,2,2,53,6,6,1,7,1, 
100953,3,2,2,2,2,2,2,2,2,2,2,2, , , , , ,1,1,2,3,2,75,5,5,3,6,3,8
100954,2,1,1,2,1,2,2,8,2,2,2,2, ,1, , , ,2,2,2,1,1,52,3,4,6,4,3,2
100955,1,1,2,1,1,1,1,1,2,1,2,2,4,3,1,5,3,1,1,2,2,2,66,1,7,2,8,2, 
100956,2,1,1,2,2,1,2,1,2,8,2,2, , ,1, ,1,2,1,2,1,1,46,3,3,1,5,3,8
100957,2,1,1,2,1,1,2,1,2,1,2,8, ,5,3, ,5,1,1,2,3,2,58,1,4,1,99,1, 
100958,2,2,3,2,2,2,2,2,1,2,2,2, , , , , ,2,1,2,3,1,60,1,7,1,8,3,8
100963,1,2,2,2,2,2,2,1,2,2,2,2, , , , ,1,1,2,2,3,2,73,3,4,3,2,2, 
100965,2,1,3,2,2,1,2,1,2,2,2,2, , ,1, ,1,2,1,1,3,1,57,1,3,1,6,1, 
100966,2,2,2,2,2,2,2,1,2,1,2,2, , , , ,5,1,1,2,1,2,73,1,5,2,9,3,2
100968,1,1,1,2,2,1,1,1,2,1,2,2, , ,1,3,2,2,1,1,1,1,36,1,4,1,7,3,1
100969,2,1,1,2,1,1,1,1,2,2,1,2, ,3,1,2,2,2,1,2,1,2,35,5,8,1,5,2, 
100972,1,2,2,2,2,2,2,1,2,2,2,2, , , , ,3,2,1,2,1,2,51,3,8,1,6,2, 
100974,2,2,2,2,2,2,2,1,1,2,2,2, , , , ,3,1,1,2,3,1,69,1,8,3,9,2, 
100975,3,1,2,1,1,1,1,1,1,2,2,2,1,1,1,1,1,1,1,1,3,1,22,5,6,1,9,3,8
100976,2,1,2,2,2,1,2,1,2,2,2,2, , ,2, ,3,1,1,2,3,2,60,3,4,6,3,3,2
100977,5,1,2,2,2,1,2,1,2,2,2,2, , ,3, ,3,1,1,2,3,2,73,1,3,3,6,4,1
100979,2,1,3,1,1,1,2,1,1,2,1,2,3,2,1, ,1,1,1,1,2,1,48,1,6,1,4,2, 
100980,2,1,1,2,2,1,2,1,1,2,1,2, , ,1, ,3,2,1,1,3,2,25,6,6,1,6,2, 
100981,2,1,1,1,1,1,1,1,2,1,2,2,1,1,1,1,3,2,1,1,2,2,19,6,3,4,5,3,1
100982,2,1,1,2,2,1,2,2,2,2,2,2, , ,1, , ,2,1,2,4,1,66,3,8,3,7,3,1
100983,2,1,2,2,1,1,2,1,2,1,2,2, ,3,1, ,2,1,1,1,2,2,69,1,7,3,4,2, 
100984,1,1,1,1,1,2,1,2,2,2,2,2,4,3, ,1, ,2,1,1,2,1,20,6,3,1,5,1, 
100987,2,1,2,2,2,1,2,1,2,1,2,2, , ,1, ,5,1,1,2,2,2,67,1,4,3,9,3,2
100988,2,1,3,2,2,1,2,1,2,2,2,2, , ,1, ,3,1,1,2,3,1,70,1,8,3,9,3,1
100989,2,1,2,2,2,1,2,1,2,2,1,2, , ,1, ,2,1,1,1,3,1,64,1,6,3,3,1, 
100990,3,2,1,2,2,2,2,1,1,2,2,2, , , , ,3,2,2,2,1,1,60,6,3,1,4,2, 
100996,2,1,2,2,2,1,2,1,2,1,2,2, , ,1, ,4,2,1,1,2,2,61,1,4,3,8,1, 
100998,2,2, ,2,2,2,2,2,2,2,8,8, , , , , ,2,1,2,3,1,61,6,5,1,3,2, 
100999,2,1,1,2,1,1,2,1,2,1,2,1, ,1,4, ,3,1,1,1,1,2,45,1,6,4,8,2, 
101000,2,1,1,2,1,1,1,1,2,1,1,1, ,1,3,3,3,2,1,1,3,2,28,6,7,1,4,2, 
101001,2,1,1,1,2,2,1,1,2,1,2,2,1, , ,2,1,2,1,1,3,1,19,6,3,1,5,3,2
101002,2,1,3,2,1,1,2,1,2,2,2,2, ,2,2, ,2,1,1,1,2,1,50,6,8,4,9,5,9
101004,2,1,1,2,2,1,2,2,2,2,2,2, , ,3, , ,2,1,2,2,2,76,3,5,2,99,2, 
101005,1,1,3,2,2,1,2,1,8,1,1,2, , ,2, ,4,1,1,1,4,2,41,1,3,1,8,1, 
101006,5,2,3,2,2,1,2,2,2,2,2,2, , ,5, , ,2,1,2,2,1,80,1,3,3,3,3,1
101007,2,1,3,1,2,1,2,1,2,2,2,2,2, ,2, ,3,1,1,2,2,2,49,3,6,1,9,1, 
101009,2,1,2,1,1,1,1,1,1,2,2,2,3,2,1,3,2,1,1,2,3,2,33,6,4,4,98,8,8
101011,8,1, ,2,2,1,2,1,1,2,2,2, , ,2, ,2,2,1,2,3,2,58,1,3,1,2,2, 
101014,2,1,1,2,1,1,2,1,2,2,2,2, ,3,1, ,3,2,2,2,4,1,26,6,4,1,4,1, 
101016,2,2,2,2,2,2,2,1,2,2,2,2, , , , ,2,2,1,2,2,1,56,1,6,1,9,3,1
101017,2,1,2,2,2,1,2,1,2,2,2,2, , ,4, ,3,1,1,2,3,1,62,1,6,3,9,1, 
101018,2,1,3,2,1,2,2,1,1,1,1,2, ,2, , ,4,1,2,2,3,2,45,2,7,1,9,2, 
101020,1,1,2,2,1,1,2,1,2,2,1,1, ,3,3, ,2,1,1,1,3,1,43,1,6,1,7,1, 
101021,1,1,1,2,2,1,1,1,2,1,2,1, , ,1,5,1,2,1,1,3,1,22,6,3,1,4,3,2
101022,1,1,2,1,1,1,1,1,2,1,1,2,1,1,1,1,1,2,1,2,1,2,23,6,6,2,2,2, 
101023,1,1,1,2,2,1,2,1,2,2,2,2, , ,1, ,3,1,1,2,2,1,47,1,8,1,8,1, 
101024,1,1,3,2,1,1,2,1,2,2,1,2, ,1,1, ,1,1,1,1,3,2,29,6,3,2,2,3,9
101025,2,1,3,1,2,1,2,1,2,1,1,2,3, ,2, ,3,1,1,2,1,1,48,1,6,1,9,3,1
101030,4,2,1,2,2,2,2,1,2,2,2,2, , , , ,3,1,2,1,4,2,27,2,3,4,4,2, 
101031,2,1,3,2,2,1,2,1,2,1,1,2, , ,2, ,3,2,1,2,4,1,50,1,6,1,6,1, 
101033,1,1,2,2,1,1,1,2,2,2,1,2, ,1,1,1, ,2,1,1,4,1,23,1,6,1,2,3,1
101035,1,1,2,1,2,1,2,1,2,2,2,2,1, ,1, ,1,1,1,1,4,1,24,6,3,4,3,1, 
101036,2,1,1,2,1,1,2,1,2,1,2,2, ,1,1, ,3,1,1,2,4,2,73,5,3,2,3,1, 
101037,1,1,3,1,2,1,2,1,2,2,1,1,4, ,1, ,3,2,1,1,4,1,32,2,6,1,8,1, 
101038,2,1,1,2,2,1,2,1,2,2,2,2, , ,1, ,3,2,1,1,4,2,32,1,6,2,6,2, 
101039,4,2,2,2,2,2,2,2,2,2,2,2, , , , , ,2,1,2,4,1,66,1,7,6,3,4,9
101042,2,1,4,2,1,2,2,1,2,1,1,2, ,1, , ,1,1,1,1,4,1,31,1,6,1,6,2, 
101045,4,2,2,2,2,2,1,1,2,1,2,2, , , ,3,5,1,1,1,4,1,59,1,5,1,7,1, 
101046,2,1,3,2,1,1,2,1,1,1,1,2, ,2,3, ,4,1,1,1,4,2,36,1,6,2,7,2, 
101047,2,1,1,2,2,1,2,1,1,1,1,2, , ,1, ,3,1,1,2,4,2,66,1,6,3,9,2, 
101048,2,1,2,2,2,1,2,1,2,2,2,2, , ,3, ,1,2,2,2,4,2,48,4,3,2,1,4,8
101049,2,1,2,2,2,1,2,1,2,2,1,1, , ,2, ,1,2,1,2,4,1,56,1,6,1,6,1, 
101050,2,1,1,2,2,2,2,1,2,2,2,2, , , , ,1,2,1,2,4,1,74,3,6,3,3,2, 
101052,2,1, ,2,2,1,2,1,2,2,2,2, , ,3, ,3,2,1,2,4,1,66,1,3,5,6,1, 
101053,2,2,2,2,2,1,2,1,2,2,2,1, , ,5, ,2,1,1,2,4,1,61,1,7,1,8,2, 
101054,1,1,1,1,1,1,1,1,1,2,2,2,4,1,2,1,2,1,1,1,4,1,20,6,3,1,1,4,2
101055,2,2,3,2,2,2,2,1,1,2,2,2, , , , ,4,1,1,1,4,1,51,1,8,1,9,1, 
101058,2,1,2,1,1,2,2,1,2,1,2,1,5,1, , ,1,1,2,2,4,2,21,6,4,1,3,3,8
101060,2,1,1,1,2,1,1,1,2,2,1,1,3, ,2,1,3,1,1,1,3,1,50,1,8,3,9,2, 
101061,1,1,1,1,1,1,1,1,1,1,1,2,1,1,1,3,1,2,1,2,4,1,44,1,7,1,9,3,2
101062,2,1,1,2,2,1,2,1,2,2,2,2, , ,1, ,1,2,1,1,4,2,44,1,5,1,3,1, 
101067,1,2,2,1,2,2,2,2,2,1,1,2,2, , , , ,1,1,1,4,2,49,6,7,1,5,3,8
101068,1,1,3,2,1,1,2,1,2,2,2,8, ,1,2, ,1,2,2,1,4,1,41,1,3,1,3,3,1
101070,2,1,1,1,1,1,1,1,2,1,1,1,1,4,1,4,1,2,1,1,4,2,35,6,4,2,3,2, 
101071,2,1,1,1,1,1,2,1,1,1,2,1,1,1,1, ,1,1,1,1,4,1,44,1,4,1,6,3,2
101072,2,1,2,2,2,1,1,1,2,2,2,2, , ,1,3,1,2,1,1,4,2,43,3,7,1,7,1, 
101073,1,1,3,2,1,1,2,1,1,2,2,2, ,1,2, ,1,1,1,1,4,1,24,1,2,4,98,1, 
101075,2,1,2,2,1,1,2,2,2,1,2,2, ,2,4, , ,1,1,1,4,2,32,1,5,3,99,3,1
101077,2,1,3,2,1,1,2,1,2,2,2,2, ,2,2, ,1,1,1,1,1,1,20,6,3,1,7,3,8
101083,1,1,1,2,2,1,2,1,1,2,2,2, , ,2, ,1,2,2,2,3,1,30,9,3,2,98,3,2
101085,2,1,2,2,2,1,2,1,2,2,2,2, , ,3, ,1,1,2,1,1,2,73,3,4,3,3,2, 
101087,3,1,1,2,1,1,2,1,1,1,2,2, ,2,5, ,2,2,2,2,3,2,58,2,5,4,6,2, 
101088,1,1,2,2,1,1,1,1,2,2,2,2, ,3,3,3,1,2,1,1,3,2,35,6,3,1,6,1, 
101090,2,1,3,2,2,1,2,1,2,1,1,2, , ,1, ,3,2,1,2,2,1,56,1,6,1,9,1, 
101094,2,1,2,2,2,1,2,1,2,2,2,2, , ,2, ,5,2,1,2,1,1,77,1,8,2,8,3,1
101095,2,1,1,2,1,1,2,1,1,2,1,2, ,1,1, ,3,1,1,2,3,2,60,1,4,5,7,3,8
101096,2,2,2,2,2,2,2,1,2,2,1,2, , , , ,3,1,1,2,3,1,52,1,6,1,8,1, 
101097,2,1,1,2,2,1,2,2,2,2,2,1, , ,1, , ,1,1,2,2,2,59,1,5,4,7,2, 
101098,1,2,2,1,2,1,2,1,2,2,2,1,5, ,5, ,1,1,1,1,4,1,33,6,8,1,6,2, 
101099,2,1,3,2,1,1,2,1,1,1,1,2, ,1,2, ,3,2,1,2,4,1,25,6,3,1,6,4,2
101100,2,2,3,2,2,2,2,1,1,2,2,2, , , , ,1,1,1,2,3,2,31,1,6,1,6,2, 
101102,2,1,2,2,2,1,2,1,2,2,1,2, , ,3, ,3,1,1,1,3,1,41,1,3,1,6,3,1
101103,1,1,4,1,2,2,2,1,1,1,1,1,3, , , ,1,1,1,1,3,1,40,1,8,1,9,3,1
101105,2,1,1,1,1,1,8,1,1,2,2,2,3,2,2, ,5,2,1,1,2,1,43,6,2,4,2,4,8
101106,2,1,1,1,1,2,2,1,1,2,1,1,2,1, , ,1,1,1,1,1,1,42,1,6,1,8,2, 
101107,2,1,1,2,2,1,2,1,2,2,2,2, , ,4, ,2,2,1,1,1,1,28,6,3,4,1,3,8
101109,2,1,3,1,1,2,2,1,1,2,1,2,1,5, , ,4,2,1,2,4,2,59,3,7,1,5,2, 
101111,2,1,1,2,1,1,1,1,2,2,2,1, ,3,1,3,2,2,1,1,1,2,25,2,5,4,1,3,1
101113,2,1,2,2,2,1,2,2,2,1,1,2, , ,1, , ,1,1,2,2,2,72,1,4,3,6,1, 
101114,1,1,2,1,1,1,2,1,2,1,1,2,2,3,3, ,2,1,1,1,2,1,32,1,6,1,9,1, 
101115,2,1,1,2,2,1,2,1,2,2,2,2, , ,2, ,3,2,2,2,3,2,22,1,3,1,2,3,1
101116,2,1,1,2,1,1,2,1,1,2,2,2, ,3,3, ,3,1,2,2,3,1,71,3,6,3,5,2, 
101119,3,1,2,1,2,1,2,1,2,1,2,2,5, ,2, ,1,1,1,2,3,2,25,6,3,1,1,3,8
101120,2,1,1,2,2,1,2,1,2,2,2,2, , ,3, ,5,1,1,2,3,2,60,5,5,6,3,1, 
101122,1,1,1,1,1,1,1,1,2,2,1,2,1,1,2,2,3,1,1,2,3,1,59,1,7,1,7,2, 
101124,2,1,3,1,1,1,1,1,1,1,2,1,5,1,2,2,5,1,1,1,3,1,99,1,6,1,99,5,8
101127,1,1,3,2,1,2,1,1,2,2,1,2, ,2, ,2,1,1,1,2,2,1,29,6,2,1,5,3,8
101131,2,1,2,2,1,1,1,1,2,2,2,1, ,1,1,1,1,2,1,1,2,1,30,6,4,1,2,4,8
101132,2,2,1,2,2,2,1,1,2,2,2,2, , , ,1,3,1,1,1,2,1,21,6,3,2,9,1, 
101135,2,1,2,2,2,1,2,2,2,2,2,2, , ,3, , ,1,1,2,3,1,65,1,6,3,3,2, 
101137,1,1, ,2,1,1,1,1,2,2,2,2, ,1,1,5,1,1,2,2,3,2,50,4,6,6,7,3,2
101139,2,1, ,2,2,1,2,2,2,1,2,2, , ,1, , ,1,1,2,2,2,67,3,4,3,3,2, 
101140,1,1,1,2,1,1,2,1,1,2,2,2, ,5,1, ,1,2,2,2,3,1,19,6,1,1,2,8,8
101141,2,2,1,2,2,2,2,1,1,1,2,2, , , , ,1,1,1,1,3,2,38,1,4,4,2,4,8
101143,2,1,1,2,1,1,1,1,1,1,1,2, ,1,1,5,1,1,1,1,3,1,32,2,3,1,5,2, 
101147,2,2, ,2,2,2,2,2,2,2,2,2, , , , , ,2,1,2,3,2,72,1,3,3,4,1, 
101149,1,1,1,2,1,1,1,1,2,2,2,2, ,1,1,1,1,1,1,2,2,2,18,6,3,4,3,2, 
101150,4,2, ,2,2,2,2,2,2,2,2,2, , , , , ,1,2,2,2,2,65,5,6,6,2,2, 
101151,2,1,2,2,2,1,2,1,2,2,1,2, , ,4, ,2,2,1,1,2,1,99,1,6,1,8,3,1
101152,1,1,2,2,1,1,2,1,2,2,1,1, ,5,1, ,2,1,1,1,4,1,27,1,3,1,9,4,8
101153,1,1,1,1,1,1,2,1,1,2,2,2,5,2,1, ,1,1,2,2,3,1,28,6,3,1,4,3,2
101159,2,1,2,2,2,1,2,1,2,2,1,2, , ,3, ,3,1,1,2,4,1,58,3,4,1,7,3,2
101160,2,1,1,2,1,1,2,1,1,2,2,2, ,3,3, ,3,2,1,1,4,1,25,1,6,2,2,3,1
101161,1,1,1,2,1,1,2,1,1,2,2,2, ,2,1, ,1,2,2,2,4,1,38,6,1,1,4,8,2
101163,2,1,2,2,1,1,2,1,2,1,2,2, ,2,1, ,1,1,1,2,4,2,69,3,7,3,2,2, 
101165,2,1,3,2,1,1,2,1,1,1,1,2, ,2,1, ,2,1,1,2,4,1,47,6,7,1,9,3,1
101166,3,2,1,2,2,2,2,1,2,2,2,2, , , , ,2,2,2,2,4,2,30,6,1,4,3,3,8
101167,2,1,2,2,1,1,1,1,2,1,2,1, ,5,1,3,1,2,1,1,4,1,21,6,4,2,6,3,2
101172,1,2,3,2,2,2,1,1,2,1,1,2, , , ,5,3,1,1,1,4,1,50,3,5,1,9,2, 
101173,2,1,4,2,2,1,2,1,2,1,2,2, , ,1, ,5,1,1,1,4,2,52,1,4,1,7,2, 
101175,8,1, ,2,2,1,2,1,2,9,8,8, , ,8, ,8,2,2,2,4,1,55,4,3,4,98,8,1
101179,2,1,1,2,2,1,2,1,2,1,2,2, , ,1, ,3,1,2,2,2,1,44,6,4,4,1,1, 
101180,1,1,1,1,1,1,1,1,2,2,2,1,2,1,2,1,3,2,1,1,3,1,25,6,6,1,9,1, 
101181,2,1,1,2,2,1,2,1,1,2,1,2, , ,3, ,3,2,1,2,3,2,51,1,8,1,9,2, 
101186,1,2,2,1,2,2,2,1,2,2,1,1,4, , , ,3,1,1,1,3,1,28,1,6,1,6,3,8
101187,2,2,1,2,2,2,2,1,2,2,2,2, , , , ,1,2,1,2,3,1,69,1,8,3,8,2, 
101190,3,1,1,1,1,1,1,1,1,2,2,2,3,1,1,1,1,2,2,2,1,2,21,6,3,2,98,3,2
101191,1,1,1,1,1,1,1,1,1,2,2,2,4,5,5,1,1,1,2,1,3,2,21,6,5,2,6,2, 
101193,1,2,3,2,2,1,2,1,1,2,1,2, , ,3, ,2,1,1,1,1,1,47,1,6,1,9,4,2
101194,2,2,2,2,2,2,2,2,2,2,2,2, , , , , ,2,1,2,1,1,81,1,8,3,7,2, 
101198,2,1,1,2,1,1,2,1,2,1,1,2, ,1,2, ,2,1,1,2,3,1,24,1,6,1,6,1, 
101200,1,1,3,2,1,1,1,2,2,1,2,2, ,3,1,3, ,1,1,1,3,2,35,2,4,1,6,2, 
101201,1,1,1,2,1,1,2,1,2,2,1,2, ,5,1, ,2,2,2,1,1,2,47,1,4,1,6,9,9
101202,1,1,1,1,1,2,1,1,2,2,1,1,1,1, ,1,1,1,1,2,1,1,30,6,8,1,6,2, 
101203,2,1,3,2,2,1,2,1,2,1,1,2, , ,1, ,3,1,1,2,1,2,76,1,7,1,99,2, 
101204,1,2,1,2,2,2,2,2,1,2,2,2, , , , , ,2,2,2,3,2,27,2,2,4,1,3,8
101207,2,2,4,2,2,2,2,1,2,2,2,2, , , , ,3,1,1,2,3,1,66,1,6,2,5,2, 
101208,2,1,1,2,2,1,1,1,2,1,2,2, , ,1,5,3,2,2,2,2,2,38,5,3,1,3,3,2
101209,1,1,1,2,1,1,2,2,1,1,2,2, ,1,1, , ,1,1,1,3,2,48,1,8,1,8,2, 
101210,2,1,1,2,1,1,1,1,1,2,1,1, ,1,3,1,3,1,1,1,3,1,18,6,3,4,9,2, 
101211,2,1,4,1,1,1,1,1,2,8,1,1,2,2,1,3,1,1,1,2,3,1,53,3,6,5,4,3,8
101212,3,1,1,2,2,1,2,1,1,2,2,2, , ,2, ,3,1,1,1,1,2,52,1,6,1,9,1, 
101213,2,1,1,2,1,1,2,2,1,2,2,2, ,1,1, , ,1,1,1,1,1,48,4,3,1,4,3,1
101215,2,1,1,2,2,1,2,1,2,1,2,2, , ,1, ,3,1,1,2,3,2,42,3,6,1,6,2, 
101216,1,1,1,2,1,1,2,1,2,1,1,2, ,2,1, ,2,1,1,2,1,2,25,6,4,5,98,3,8
101217,1,1,3,1,1,1,1,1,2,1,1,2,3,3,1,3,3,1,1,2,1,2,62,5,6,1,7,3,2
101218,1,1,1,2,1,1,2,1,1,1,1,2, ,1,3, ,3,1,1,2,1,1,38,6,6,1,9,2, 
101221,2,1,1,1,2,1,2,1,2,1,2,2,3, ,2, ,2,1,1,1,2,2,30,1,6,2,7,3,2
101223,1,1,2,2,2,1,2,1,1,1,1,2, , ,2, ,3,1,1,1,3,1,52,1,7,1,9,3,2
101224,1,1,2,1,2,1,2,1,2,1,1,2,3, ,3, ,4,1,1,2,3,2,62,1,8,1,9,2, 
101225,1,2,2,2,2,1,2,1,2,2,2,2, , ,3, ,1,2,1,2,3,1,64,1,6,5,7,1, 
101226,2,1,1,1,1,1,2,1,2,2,2,2,1,2,1, ,3,1,1,1,3,2,41,3,4,4,2,2, 
101227,3,2,2,2,2,2,2,1,2,2,2,2, , , , ,5,2,1,2,3,1,67,1,8,3,9,3,1
101229,1,1,2,1,2,1,2,1,2,2,1,2,3, ,1, ,1,1,1,1,2,1,71,1,6,3,8,3,2
101230,3,2,2,2,2,2,2,1,2,2,2,2, , , , ,2,1,1,2,2,1,48,1,3,1,99,1, 
101231,1,1,3,2,2,1,1,1,1,2,2,1, , ,1,1,1,2,1,1,2,1,26,6,7,7,3,3,1
101233,2,1, ,2,1,1,2,1,2,2,2,2, ,1,1, ,1,2,1,1,1,1,99,2,1,2,2,2, 
101234,1,1,1,2,1,2,1,1,2,2,2,2, ,1, ,1,3,1,1,2,3,2,18,6,3,4,1,2, 
101236,2,1,1,2,2,1,1,1,1,2,1,2, , ,3,1,1,1,1,2,1,1,54,1,7,1,8,3,2
101237,2,1,1,2,1,1,2,2,2,2,1,2, ,3,1, , ,1,1,1,2,2,42,6,6,1,5,2, 
101241,2,1,1,1,1,1,1,1,1,1,2,1,4,1,4,1,4,1,1,1,3,2,18,6,2,1,6,2, 
101242,1,1,1,1,1,2,2,1,1,1,1,2,1,3, , ,1,2,1,1,3,1,28,6,6,2,9,2, 
101243,2,1,2,2,1,1,2,1,2,1,2,2, ,3,3, ,4,2,2,1,3,2,50,6,3,1,7,1, 
101244,4,1,1,2,2,1,2,1,2,2,2,2, , ,2, ,4,2,2,1,2,1,47,2,3,1,3,1, 
101245,1,2,1,2,2,2,2,1,2,2,1,2, , , , ,1,2,1,2,1,1,22,6,4,4,7,2, 
101246,2,1,3,1,1,1,2,1,2,2,1,2,4,3,1, ,4,1,1,2,3,1,62,1,7,1,9,1, 
101251,1,1,1,2,1,1,1,1,1,1,2,2, ,1,1,1,1,1,1,1,2,2,23,2,3,1,3,8,8
101252,2,1,1,2,2,1,2,1,2,1,2,2, , ,1, ,1,1,1,2,3,2,62,1,6,2,6,1, 
101253,2,1,1,2,1,1,2,1,2,2,2,2, ,2,1, ,3,1,2,2,3,1,52,2,4,1,7,3,1
101256,2,1,3,2,2,1,2,1,2,1,1,2, , ,1, ,1,1,2,2,3,1,59,1,6,1,8,1, 
101258,1,1,2,1,1,1,2,1,2,1,1,2,5,5,1, ,1,1,1,2,3,2,51,6,6,1,4,2, 
101261,5,2, ,2,2,2,2,1,2,2,2,2, , , , ,2,2,1,2,3,1,40,1,6,1,98,2, 
101264,2,1, ,2,2,1,2,1,2,2,2,2, , ,2, ,3,1,1,2,2,1,63,1,7,3,2,3,2
101266,1,1,1,1,2,1,1,1,2,2,1,2,3, ,1,1,3,1,1,1,3,1,47,6,6,1,6,1, 
101267,1,1,1,1,1,1,1,1,2,1,1,1,3,1,1,3,1,1,1,1,2,1,33,1,6,4,4,2, 
101268,1,1,1,2,1,1,1,1,2,1,1,2, ,1,1,1,3,1,1,1,3,1,31,2,6,1,7,2, 
101269,2,1,1,1,1,1,1,1,2,2,2,2,2,1,1,1,2,1,1,1,2,1,19,6,3,1,6,1, 
101272,1,2,2,2,2,2,2,1,2,2,1,2, , , , ,3,1,1,1,1,1,48,1,7,1,9,2, 
101274,2,1,2,2,1,1,2,1,2,1,1,2, ,3,4, ,3,2,1,2,2,2,56,1,7,1,9,3,2
101276,1,2,2,2,2,2,2,1,2,2,1,2, , , , ,3,1,1,2,1,1,38,1,6,1,9,3,2
101279,2,1,1,2,2,2,2,1,2,2,1,2, , , , ,3,1,1,1,2,1,48,1,6,1,9,3,1
101284,1,1,1,2,1,1,2,1,2,1,2,2, ,1,1, ,1,2,1,2,3,2,28,1,3,4,4,2, 
101288,2,2,2,2,2,2,2,1,2,2,2,2, , , , ,2,1,1,2,4,1,72,1,7,3,7,3,1
101290,1,1,2,1,2,1,2,1,2,2,2,2,5, ,5, ,1,2,1,1,3,1,44,2,5,6,2,5,2
101292,1,1,1,2,1,1,2,1,2,1,2,2, ,2,1, ,3,2,1,1,2,2,44,1,6,2,6,1, 
101293,1,1,3,2,2,1,2,1,1,1,1,2, , ,1, ,3,1,1,1,4,1,33,1,5,1,9,4,8
101294,1,1,2,1,1,2,2,1,2,1,2,1,3,2, , ,3,1,1,2,4,2,56,3,6,3,2,3,2
101295,3,1,2,2,1,1,2,1,2,2,2,2, ,5,2, ,4,1,1,2,4,1,68,1,6,3,4,3,9
101297,2,2,3,2,2,2,2,1,2,2,2,2, , , , ,1,2,1,2,4,1,48,6,6,1,99,2, 
101300,1,1,2,2,2,2,2,1,1,2,2,2, , , , ,2,1,1,1,4,1,18,6,3,7,1,3,1
101302,2,1,1,2,2,1,2,1,1,2,2,2, , ,1, ,1,2,2,2,4,1,25,1,1,4,4,3,8
101303,4,1,3,1,2,1,2,2,2,2,2,1,3, ,1, , ,1,1,2,1,2,54,1,5,2,1,2, 
101305,2,2,2,2,2,2,2,2,2,2,2,2, , , , , ,1,1,2,4,1,53,1,7,1,9,1, 
101306,2,1,2,2,1,1,2,1,2,2,1,1, ,4,5, ,1,2,1,2,3,1,22,6,6,1,4,2, 
101308,2,1,3,2,2,1,2,1,2,2,2,2, , ,2, ,5,2,1,2,4,2,60,1,6,2,1,3,1
101312,1,1,3,2,2,1,2,2,2,2,1,2, , ,1, , ,2,1,1,4,2,41,1,7,1,8,2, 
101313,2,1,1,2,1,1,2,1,2,2,2,2, ,3,1, ,1,2,2,2,4,2,30,6,4,1,99,3,8
101315,1,1,3,2,1,2,2,1,2,1,2,2, ,1, , ,3,1,1,1,3,2,36,1,6,1,7,2, 
101316,1,1,3,1,1,1,1,1,2,1,2,1,3,3,3,5,1,1,1,1,1,1,34,6,3,2,1,3,8
101317,2,1,3,2,1,1,2,1,2,2,2,2, ,1,1, ,1,1,2,2,1,2,42,1,98,4,98,4,8
101318,3,2,3,2,2,2,2,2,2,2,2,2, , , , , ,1,1,2,3,2,56,3,5,2,3,4,9
101321,2,1,3,1,2,1,2,1,2,2,2,2,5, ,3, ,3,1,1,2,1,1,52,1,3,1,7,2, 
101322,1,1,3,1,1,1,1,1,1,2,2,2,5,1,1,3,1,1,1,2,1,1,20,6,3,1,98,3,8
101324,1,1,2,2,1,1,2,1,2,2,1,2, ,4,1, ,5,1,2,2,2,2,58,2,6,3,5,3,1
101325,2,1,2,1,1,1,1,1,2,2,2,2,1,4,4,1,1,1,1,1,1,1,27,1,6,1,6,2, 
101326,2,1,3,2,1,1,1,1,1,1,2,2, ,1,1,1,1,1,1,1,3,1,42,1,6,1,99,1, 
101328,2,2,1,2,2,2,2,2,2,2,2,2, , , , , ,2,1,2,1,1,57,3,3,3,5,1, 
101329,2,1,2,1,1,1,2,1,2,2,1,1,5,3,5, ,3,2,1,2,3,1,46,1,7,1,9,3,9
101334,2,1,2,1,2,1,2,1,2,2,2,2,3, ,2, ,3,1,1,2,1,1,61,1,6,1,8,3,2
101335,4,1,2,2,1,1,2,1,2,2,2,2, ,5,5, ,4,1,1,1,3,1,56,1,2,5,6,3,1
101338,4,1,1,2,2,1,2,2,2,2,2,2, , ,1, , ,1,1,1,2,2,50,6,3,1,3,3,9
101339,2,2,1,2,2,1,2,1,2,2,2,2, , ,4, ,3,1,1,1,4,2,37,1,7,4,9,3,2
101340,1,1,1,1,1,1,1,1,2,1,1,1,1,1,1,1,2,1,1,1,1,2,25,6,6,1,6,1, 
101342,1,2,3,1,2,2,2,1,1,2,1,2,2, , , ,4,2,1,2,1,1,43,3,7,1,9,3,2
101353,1,1,3,2,2,1,1,2,2,2,2,2, , ,1,2, ,2,1,2,2,1,70,4,2,3,4,1, 
101354,2,2,3,2,2,2,2,1,2,2,2,2, , , , ,3,1,1,2,2,1,99,1,5,3,99,1, 
101355,1,2,3,2,2,2,2,1,2,2,1,2, , , , ,2,2,1,2,3,1,46,2,5,1,6,3,2
101357,1,1,1,2,2,1,2,1,2,2,2,2, , ,1, ,1,2,2,1,2,1,29,1,3,1,98,3,8
101358,1,1, ,1,1,1,1,1,1,1,1,1,1,1,3,1,1,1,1,2,3,1,56,3,4,3,7,1, 
101359,2,1,4,2,2,1,2,1,2,2,2,2, , ,4, ,4,2,2,2,3,1,24,2,1,1,4,4,8
101362,1,1,1,2,1,1,1,1,2,2,2,2, ,3,1,1,2,2,1,1,3,1,23,1,4,4,1,3,9
101366,4,1,1,1,2,2,1,1,2,2,2,2,4, , ,4,3,2,1,1,4,2,50,1,7,4,4,9,1
101370,2,1,1,2,1,1,1,1,2,1,2,2, ,2,2,2,3,2,1,2,4,1,37,1,3,1,7,3,1
101371,2,1,1,1,1,1,1,1,2,2,2,2,3,3,2,4,3,2,1,1,4,1,21,6,4,1,2,3,2
101372,1,1,1,1,2,1,2,1,1,2,2,2,5, ,5, ,1,1,1,1,4,1,48,1,3,1,5,2, 
101376,2,1,3,1,1,1,1,1,2,2,2,2,1,1,3,1,1,2,1,1,4,1,18,6,4,1,1,8,8
101379,1,2,1,2,2,2,2,1,2,2,2,2, , , , ,1,2,2,1,4,1,20,6,1,5,2,4,2
101381,4,1,2,2,2,1,2,1,8,2,2,2, , ,3, ,4,1,1,2,4,2,99,9,4,3,99,9,9
101382,2,1, ,2,2,2,1,2,2,1,2,2, , , ,5, ,2,2,2,4,2,33,5,3,4,6,3,1
101384,1,2,3,2,2,2,2,1,1,1,1,2, , , , ,4,1,1,2,2,1,99,8,7,1,99,3,1
101385,1,1,3,2,2,1,2,1,2,2,2,2, , ,4, ,1,1,1,2,3,2,77,5,6,3,4,1, 
101387,1,2,2,2,2,1,2,2,2,2,2,2, , ,5, , ,1,1,2,2,2,62,1,4,6,5,2, 
101389,2,1,1,1,1,2,1,1,2,2,2,2,3,1, ,1,1,2,2,1,3,1,20,6,3,1,2,2, 
101391,2,1,1,2,1,1,1,1,2,1,1,2, ,1,1,1,3,1,1,1,2,1,34,1,4,1,8,2, 
101394,4,2,2,2,2,2,2,1,2,2,2,2, , , , ,3,2,1,2,1,1,48,3,7,1,6,3,8
101396,1,1,3,2,2,1,2,1,1,2,1,2, , ,3, ,3,1,1,2,1,1,68,6,7,3,7,2, 
101398,3,2,1,2,2,1,2,1,1,2,1,2, , ,3, ,3,1,1,2,4,1,23,6,3,1,99,1, 
101405,2,1,1,2,1,1,1,2,2,2,2,2, ,1,2,2, ,1,2,1,1,2,40,1,6,1,8,2, 
101408,3,2,2,2,2,2,2,1,2,2,2,2, , , , ,5,2,1,2,2,2,50,1,5,2,99,9,9
101409,2,1,3,1,1,1,1,1,1,2,1,2,4,3,3,3,3,2,1,2,2,1,42,6,6,1,7,2, 
101412,2,1,4,1,1,1,1,1,1,1,2,1,2,1,1,1,1,1,1,1,1,1,29,6,6,4,1,2, 
101414,2,1,2,2,2,1,2,2,2,1,2,2, , ,3, , ,1,1,2,4,2,64,1,8,3,6,9,9
101415,2,1,1,2,1,1,1,1,2,1,2,2, ,1,1,1,3,1,2,2,4,2,18,6,3,4,98,3,2
101416,2,2,2,2,2,2,2,1,2,1,1,2, , , , ,2,1,1,2,4,1,56,1,6,1,8,1, 
101417,1,2,2,2,2,2,2,2,2,2,2,2, , , , , ,2,1,2,4,1,65,1,6,1,8,4,8
101419,1,1,1,1,1,1,1,1,1,1,2,2,3,1,1,1,1,1,1,1,3,1,24,1,3,1,7,3,2
101423,2,1,3,2,2,1,2,1,1,2,2,2, , ,1, ,3,1,1,1,2,1,43,1,3,2,98,3,2
101428,2,1,1,2,2,1,2,1,1,2,2,2, , ,1, ,1,1,1,1,2,1,34,1,3,2,6,4,8
101429,2,2,3,2,2,2,2,2,2,1,2,2, , , , , ,1,1,2,3,2,78,5,6,3,99,2, 
101431,3,1,3,2,2,1,2,1,2,2,1,2, , ,1, ,1,1,1,1,2,1,37,6,4,1,3,2, 
101439,3,1,3,2,1,2,1,1,1,1,2,2, ,1, ,1,3,2,1,2,4,2,21,6,3,2,99,1, 
101440,2,1,1,2,1,1,2,1,1,2,2,2, ,4,3, ,1,2,1,2,3,1,31,1,5,2,2,3,2
101442,2,2,1,2,2,2,2,1,2,1,2,2, , , , ,3,2,1,2,2,1,43,1,6,1,8,2, 
101443,2,2,2,2,2,1,2,1,2,1,2,2, , ,3, ,2,1,1,2,4,1,43,1,6,1,5,3,1
101444,2,2, ,2,2,2,2,2,2,2,2,2, , , , , ,2,2,2,4,1,87,5,7,3,6,1, 
101445,2,1,3,2,2,1,2,1,1,2,2,2, , ,2, ,1,1,2,1,3,1,40,1,2,1,5,2, 
101446,2,1,1,2,2,1,2,1,2,2,2,2, , ,1, ,1,1,1,2,4,1,54,1,6,1,99,4,1
101447,2,1,2,2,2,1,2,1,2,1,2,2, , ,3, ,4,1,1,2,4,1,55,1,7,1,9,3,1
101451,2,1,2,1,1,1,2,1,2,2,1,2,3,3,3, ,1,1,1,2,4,1,70,1,4,3,6,1, 
101454,5,1,1,2,2,1,2,1,2,2,2,2, , ,2, ,4,2,2,2,3,1,55,3,3,1,1,3,2
101457,2,1,4,1,1,1,2,1,2,2,1,2,4,5,4, ,3,1,1,1,4,1,61,3,6,1,8,3,9
101458,1,1,3,2,1,1,2,1,1,1,2,2, ,2,1, ,5,1,1,1,4,2,36,1,6,2,8,4,1
101459,1,1,2,1,1,1,1,1,2,1,1,1,2,2,1,5,4,1,1,2,4,1,50,1,8,1,9,1, 
101464,1,1,2,2,1,1,2,1,2,2,1,2, ,1,1, ,4,1,1,2,4,1,41,1,7,1,9,3,2
101468,2,1,1,2,2,1,2,1,2,2,2,2, , ,1, ,3,1,2,2,4,1,41,6,4,1,6,1, 
101469,1,1,2,2,2,1,2,1,2,2,1,2, , ,1, ,3,2,1,1,4,1,25,2,5,1,5,3,1
101473,1,1,1,1,1,1,1,1,2,1,2,2,4,1,1,1,1,1,2,1,4,1,29,2,3,1,3,4,1
101477,2,1,2,2,1,1,2,1,2,1,2,2, ,5,3, ,3,1,1,2,3,2,48,4,6,2,99,1, 
101478,4,1,1,2,2,1,2,1,1,2,2,2, , ,1, ,1,1,1,1,3,1,43,2,1,1,4,4,8
101482,2,1,3,2,2,1,2,1,2,2,2,2, , ,1, ,5,1,2,1,3,2,45,3,4,1,3,2, 
101485,1,1,3,2,1,1,2,1,2,1,2,2, ,5,2, ,5,2,1,2,3,2,59,4,6,1,7,1, 
101488,2,2,2,2,2,2,2,1,2,2,2,2, , , , ,4,1,1,1,3,1,99,1,3,4,99,3,8
101489,3,1,1,2,2,1,2,2,2,1,2,2, , ,2, , ,2,1,2,3,2,71,5,4,3,3,2, 
101494,4,1,1,2,2,1,2,1,1,2,2,2, , ,1, ,1,2,2,1,4,2,38,1,2,4,3,4,8
101497,3,2, ,2,2,2,2,1,2,2,2,2, , , , ,2,1,1,1,2,1,36,1,3,3,5,1, 
101498,3,2,2,2,2,2,2,2,2,1,2,2, , , , , ,1,1,2,3,1,84,5,6,3,5,3,8
101499,2,1,2,2,1,1,1,1,1,1,1,2, ,2,2,5,3,1,1,1,3,2,35,1,6,1,9,3,2
101501,1,1,1,2,1,1,2,1,1,2,2,1, ,1,1, ,1,1,2,1,4,1,22,2,3,1,2,3,2
101507,1,1,2,1,2,2,2,1,2,2,1,1,3, , , ,3,2,1,1,4,1,39,1,7,1,9,2, 
101509,1,1,3,2,2,1,1,1,2,2,1,1, , ,1,2,1,1,1,1,4,1,32,4,5,1,7,1, 
101510,2,1,1,2,2,2,2,1,2,2,2,2, , , , ,3,2,1,2,4,2,66,1,5,2,3,2, 
101511,1,1,3,2,2,1,2,1,2,1,2,2, , ,1, ,1,1,1,2,2,2,69,1,8,2,8,2, 
101516,3,1,2,2,2,1,2,1,2,1,2,2, , ,2, ,5,2,1,1,4,1,56,1,4,3,99,4,8
101517,2,1,2,2,1,1,2,2,2,2,2,2, ,2,3, , ,2,1,2,4,2,77,1,8,3,9,2, 
101519,2,1,2,2,2,1,2,2,2,2,1,2, , ,3, , ,1,1,2,1,1,52,1,3,1,9,1, 
101521,2,1,1,1,2,1,2,2,2,1,2,2,3, ,2, , ,1,1,2,3,2,30,1,6,4,9,2, 
101522,1,1,1,2,2,1,2,1,2,1,2,2, , ,2, ,5,1,2,2,3,2,50,1,5,1,9,1, 
101524,2,2,3,2,2,2,2,2,2,2,2,2, , , , , ,2,1,1,3,1,65,6,8,3,99,2, 
101525,2,1,3,2,2,1,2,1,2,2,1,2, , ,2, ,2,1,1,2,1,1,73,1,7,3,8,2, 
101526,1,1,1,2,2,1,2,1,2,2,2,2, , ,1, ,1,2,2,2,3,1,29,3,3,4,1,4,8
101527,2,1,1,2,1,1,1,1,2,1,2,2, ,1,1,1,1,1,2,1,3,2,36,6,4,1,3,3,8
101530,2,2, ,2,2,2,2,2,2,2,2,2, , , , , ,2,1,2,2,1,58,1,6,6,4,1, 
101534,1,1,4,2,2,1,2,1,2,1,2,2, , ,1, ,4,1,1,2,3,2,55,3,3,1,8,1, 
101537,2,2,1,2,2,2,2,1,2,2,2,1, , , , ,2,1,1,2,2,1,53,2,6,1,99,2, 
101540,1,1,2,2,2,1,2,1,2,1,2,2, , ,3, ,5,1,1,2,2,2,68,1,3,3,99,3,2
101542,2,1,1,2,2,1,2,1,1,2,2,1, , ,5, ,3,2,1,2,2,1,53,1,6,1,7,2, 
101543,1,1,2,2,2,1,2,2,2,2,1,2, , ,2, , ,1,1,2,2,2,60,2,6,1,7,2, 
101546,2,2,3,2,2,2,2,2,2,2,2,2, , , , , ,1,1,1,2,1,32,3,3,2,4,1, 
101548,2,1,3,1,2,1,2,1,1,1,2,2,2, ,2, ,3,1,1,1,2,1,29,6,4,1,2,2, 
101550,2,1, ,2,2,1,2,1,1,2,2,1, , ,1, ,3,2,1,2,4,2,38,1,6,2,5,2, 
101552,2,1,3,2,2,1,2,1,2,2,1,1, , ,3, ,3,1,1,2,4,1,66,1,7,2,7,2, 
101553,4,2,2,2,2,2,2,1,2,2,2,1, , , , ,3,1,1,2,4,1,68,1,5,3,4,3,1
101554,1,1,2,1,1,1,2,1,1,2,1,2,3,4,4, ,2,1,1,2,4,1,48,1,7,1,9,3,1
101555,1,2,2,2,2,2,2,1,2,2,2,2, , , , ,1,1,1,2,4,1,52,1,6,2,6,1, 
101559,1,1, ,2,1,1,1,1,2,1,2,1, ,3,2,3,1,2,1,2,1,2,70,4,6,6,1,4,8
101560,2,2,2,2,2,1,2,1,2,2,1,2, , ,2, ,2,2,1,2,4,1,24,6,6,1,6,3,2
101561,1,1,1,1,1,1,2,1,1,2,1,2,1,2,1, ,1,1,1,1,1,2,45,3,2,1,1,3,1
101562,5,2, ,2,2,2,2,1,2,2,2,2, , , , ,3,2,2,1,1,1,63,6,2,1,8,4,2
101563,1,1,1,2,1,1,2,1,2,2,2,2, ,3,1, ,1,1,1,1,1,1,40,3,4,1,99,3,1
101564,1,1,3,1,1,1,1,1,1,1,1,1,2,1,1,4,3,2,1,1,3,2,48,2,6,1,7,2, 
101566,4,2,2,2,2,2,2,2,1,2,2,2, , , , , ,2,1,2,2,1,61,1,2,1,7,2, 
101569,2,1,1,2,2,1,1,1,2,2,2,2, , ,1,5,5,1,1,2,2,2,72,4,4,3,6,1, 
101573,1,1,1,1,1,1,1,1,2,1,1,2,3,1,1,1,2,2,1,2,2,2,23,2,6,7,1,2, 
101574,2,1, ,2,1,1,1,1,2,2,2,2, ,3,2,1,5,2,2,1,3,2,25,4,2,4,1,3,8
101575,2,1,1,2,1,1,2,2,2,1,2,2, ,4,3, , ,2,1,2,3,2,46,1,7,1,9,3,2
101576,1,1,2,1,1,2,1,1,2,2,1,2,3,3, ,2,2,1,1,2,2,1,20,6,4,2,5,3,2
101577,2,1,1,2,1,1,2,2,2,2,2,2, ,3,3, , ,2,1,2,1,1,60,4,6,1,9,1, 
101578,1,1,1,1,2,1,2,1,1,2,1,2,3, ,1, ,3,1,1,1,3,2,55,1,6,1,8,2, 
101581,2,1,1,2,2,1,2,1,1,2,2,2, , ,3, ,2,2,2,1,1,1,23,4,3,1,3,4,8
101582,2,1,1,2,1,1,2,1,2,1,2,2, ,4,2, ,5,1,1,2,2,2,58,1,3,1,7,3,2
101583,1,1,1,1,1,1,1,1,1,2,2,2,1,3,1,4,1,1,1,2,3,1,22,6,6,7,6,3,2
101586,2,2,3,2,2,2,2,1,2,1,1,2, , , , ,1,1,1,2,2,1,41,6,5,1,5,4,9
101588,2,1,1,2,1,1,1,1,2,1,2,1, ,2,2,1,3,1,1,2,1,2,18,6,3,2,98,3,1
101590,3,2,1,2,2,2,2,1,2,2,2,2, , , , ,2,2,2,2,4,1,32,3,1,2,1,3,2
101591,2,1,2,1,2,1,2,1,2,2,2,2,2, ,1, ,2,1,1,2,3,1,26,1,6,1,5,3,1
101594,1,1,3,2,1,1,2,1,2,2,2,1, ,1,2, ,2,1,1,1,2,1,30,1,7,1,6,2, 
101595,2,2, ,2,2,2,2,2,2,2,2,2, , , , , ,2,2,2,3,1,99,9,1,99,99,9,9
101596,1,1,2,2,1,2,1,1,2,2,1,2, ,2, ,3,3,2,1,2,2,2,29,1,7,1,6,2, 
101597,1,1,1,1,1,1,1,1,1,2,2,2,2,1,1,1,1,1,1,1,4,2,24,6,4,1,3,3,2
101599,1,1,1,1,2,1,2,1,1,2,2,2,1, ,1, ,1,2,2,2,2,1,45,6,1,1,1,3,2
101601,1,1,2,2,2,1,2,1,2,2,2,2, , ,1, ,3,1,1,2,2,1,54,6,3,1,7,2, 
101604,1,1,2,1,1,1,2,1,1,1,2,2,1,1,2, ,2,2,1,1,2,1,37,2,7,1,99,3,2
101605,2,2,1,2,2,2,2,1,1,2,2,2, , , , ,2,1,1,2,4,1,44,1,6,1,9,1, 
101608,2,2,2,2,2,2,2,1,2,2,2,2, , , , ,2,2,1,2,4,1,73,1,6,3,7,3,2
101612,2,1,2,2,2,1,1,1,2,1,2,2, , ,3,5,3,1,1,2,4,1,60,5,6,2,99,9,9
101613,1,1,1,1,1,1,2,1,1,1,1,2,4,3,1, ,4,1,1,2,2,2,42,1,8,1,7,3,2
101616,2,1,2,1,1,1,2,1,2,2,2,2,5,5,5, ,5,2,1,2,1,1,41,1,6,1,9,2, 
101619,3,2,1,2,2,2,2,1,2,1,2,2, , , , ,4,2,1,2,3,2,72,5,4,3,4,1, 
101620,2,1, ,2,2,1,2,1,2,1,2,2, , ,2, ,3,1,1,1,2,2,28,1,2,4,2,3,1
101621,2,1,2,2,1,1,2,1,2,1,1,2, ,2,2, ,5,1,1,2,3,2,52,1,6,2,99,1, 
101622,1,1,1,2,1,1,1,1,2,2,2,2, ,1,1,1,1,1,1,1,1,1,24,6,6,7,4,2, 
101624,4,2,2,2,2,2,2,1,2,2,2,2, , , , ,3,2,1,1,3,2,79,1,4,3,9,1, 
101626,1,1,1,1,1,1,2,1,1,1,2,1,3,5,4, ,3,1,1,1,3,2,39,6,6,1,7,2, 
101628,2,1,2,2,1,2,1,1,2,1,2,2, ,1, ,2,1,1,1,2,3,2,20,6,3,2,98,2, 
101631,1,1,1,2,1,1,2,1,2,2,2,2, ,5,1, ,2,2,2,2,3,1,36,3,3,1,3,3,8
101632,2,2,2,2,2,2,1,1,2,1,1,2, , , ,2,1,1,1,2,2,1,56,1,6,4,7,9,9
101637,1,1,2,1,2,1,2,1,1,2,2,1,5, ,2, ,3,1,1,1,4,1,36,6,7,1,6,2, 
101641,2,1,3,2,1,2,2,1,2,1,2,2, ,3, , ,4,2,1,1,4,2,39,1,6,1,9,3,2
101648,2,1,3,2,1,1,2,1,2,2,2,2, ,1,1, ,3,1,1,2,4,1,47,1,1,1,4,3,8
101649,1,1,3,1,1,1,1,1,1,2,1,1,1,1,1,1,1,1,1,2,4,1,40,1,3,1,3,2, 
101653,2,1,1,1,2,1,2,1,2,2,1,2,2, ,3, ,3,2,1,2,4,1,78,2,8,3,8,2, 
101654,1,2,1,2,2,1,2,1,1,2,2,2, , ,2, ,4,1,2,2,4,1,19,6,1,4,1,3,8
101658,1,1,1,2,1,1,2,1,8,2,1,2, ,2,1, ,1,1,1,1,3,1,40,2,6,1,8,2, 
101660,4,2, ,2,2,2,2,1,2,2,2,2, , , , ,3,1,2,2,3,1,55,1,6,1,99,3,1
101662,2,1,1,2,1,1,2,1,2,1,1,2, ,4,5, ,2,2,1,2,1,1,41,3,5,1,7,3,1
101663,2,1,1,2,1,1,1,1,2,1,2,2, ,1,2,2,1,1,1,1,2,2,30,6,5,1,5,3,1
101665,2,2,2,2,2,2,2,1,2,2,1,2, , , , ,2,1,1,2,3,1,65,4,3,4,7,1, 
101668,2,2,3,2,2,2,2,1,2,2,2,2, , , , ,3,2,1,2,3,2,33,2,5,1,5,2, 
101669,2,1,2,1,1,1,2,1,1,2,1,2,2,5,2, ,2,1,1,2,3,1,99,6,7,7,98,8,8
101670,1,1,3,2,1,1,2,1,1,1,1,1, ,2,3, ,3,1,1,1,1,1,30,1,5,4,6,4,9
101671,1,1,2,2,2,1,2,1,2,1,1,2, , ,1, ,2,2,1,2,3,2,99,1,6,1,6,2, 
101674,2,1,2,2,2,1,2,1,2,1,2,2, , ,2, ,3,1,1,2,3,2,46,3,5,1,6,3,2
101678,2,1,3,1,2,1,2,1,2,2,2,1,3, ,1, ,3,2,1,2,4,2,60,3,6,1,5,3,2
101679,1,1,2,2,1,1,2,1,1,2,2,2, ,3,2, ,1,1,1,1,4,1,55,3,5,3,6,3,8
101684,3,2, ,2,2,2,2,2,2,2,2,2, , , , , ,2,1,2,2,1,77,1,4,3,6,3,2
101685,2,1,1,2,2,1,2,2,2,1,2,2, , ,3, , ,2,1,2,2,2,70,2,3,3,4,3,1
101686,1,1,4,1,2,1,2,1,2,2,1,2,2, ,2, ,3,1,1,2,3,1,71,3,4,3,99,3,2
101688,4,2, ,2,2,2,2,2,2,2,2,2, , , , , ,1,2,2,2,2,90,5,5,3,98,2, 
101689,2,1,1,2,1,1,2,1,2,2,2,2, ,5,1, ,3,1,1,2,2,2,61,3,5,2,4,5,8
101694,1,1,2,2,2,1,2,1,2,2,1,2, , ,2, ,3,2,1,2,3,1,63,1,7,1,6,2, 
101695,2,1,2,2,1,1,1,1,2,1,1,8, ,2,2,3,4,1,1,2,2,2,57,2,4,1,6,3,2
101699,4,1,2,1,1,1,2,1,2,2,2,2,4,1,1, ,4,1,1,2,2,2,59,2,2,1,3,2, 
101700,2,1,1,2,2,1,2,1,2,1,2,2, , ,1, ,4,1,1,2,2,2,67,6,8,3,99,1, 
101703,2,1,1,2,2,1,2,1,2,2,1,2, , ,2, ,3,1,1,2,2,1,56,1,4,1,8,1, 
101704,5,2,2,2,2,2,2,2,2,2,2,2, , , , , ,1,2,2,4,2,62,4,2,3,1,4,1
101707,1,2,2,2,2,1,2,2,2,2,2,2, , ,2, , ,2,1,2,4,1,73,5,7,3,9,3,8
101710,2,1,3,1,2,1,2,1,1,2,1,2,2, ,2, ,4,1,1,1,4,1,99,1,8,1,99,2, 
101714,2,2,1,2,2,2,2,1,2,2,2,2, , , , ,1,2,2,2,1,2,32,6,3,1,3,2, 
101716,2,2,2,2,2,2,2,1,1,2,2,2, , , , ,3,1,1,2,1,1,62,1,6,1,8,2, 
101717,1,1,3,1,1,1,2,1,1,1,2,2,5,2,3, ,3,1,1,2,1,2,59,1,7,1,9,2, 
101719,2,1,1,1,1,1,1,1,2,2,2,2,2,2,1,3,3,1,1,1,1,1,32,2,3,3,6,1, 
101725,2,1,2,2,1,1,2,1,2,1,1,2, ,3,2, ,3,1,1,2,1,2,55,3,6,1,6,2, 
101726,2,1,1,1,1,1,1,1,2,1,1,1,5,5,5,1,2,1,1,1,3,1,38,3,7,1,8,3,1
101731,3,2,2,2,2,2,2,1,2,1,2,2, , , , ,3,1,1,2,3,1,44,1,7,1,8,2, 
101732,1,1,1,1,1,1,1,1,2,1,1,2,2,1,2,5,4,2,1,2,3,2,23,6,6,1,6,2, 
101733,1,1,1,1,1,1,2,1,1,1,2,2,5,1,1, ,3,1,1,1,3,2,37,2,4,1,6,2, 
101735,2,1,3,2,2,1,2,1,2,1,2,2, , ,3, ,5,1,1,2,1,2,58,1,3,5,6,1, 
101738,2,2,3,2,2,2,2,2,2,2,2,2, , , , , ,1,1,2,3,1,73,5,6,5,99,1, 
101739,1,1,1,2,1,1,1,1,2,2,2,2, ,2,1,2,1,1,2,2,3,2,33,6,4,1,4,2, 
101742,2,2,1,1,2,2,2,1,2,2,2,2,5, , , ,5,1,1,1,1,1,65,1,4,1,8,2, 
101744,2,1,1,2,1,1,2,1,2,2,1,2, ,3,2, ,1,2,1,2,3,2,49,6,6,4,7,1, 
101745,1,1,1,1,1,1,1,1,1,1,1,2,4,1,1,2,4,1,1,2,1,2,40,6,6,1,8,2, 
101748,2,2,2,2,2,2,2,2,2,2,2,2, , , , , ,1,1,2,1,2,72,1,7,3,6,2, 
101750,2,1,3,2,2,1,2,1,2,2,2,2, , ,5, ,2,1,2,2,1,1,43,1,5,1,6,3,8
101755,3,1,3,2,2,1,2,1,2,2,2,2, , ,2, ,3,2,1,2,3,2,55,5,5,1,3,3,1
101756,2,1,2,1,1,1,2,1,1,1,1,1,3,3,2, ,1,1,1,1,3,2,54,3,7,1,6,2, 
101758,1,1,2,2,2,1,2,1,2,2,1,1, , ,3, ,1,2,1,2,3,1,99,1,7,1,9,3,9
101759,2,1,1,1,1,1,1,1,2,1,1,2,1,2,2,1,5,2,1,1,3,2,20,6,4,4,6,1, 
101763,1,1,2,1,1,2,2,1,2,2,2,1,2,3, , ,1,1,1,1,4,1,19,6,3,2,7,2, 
101766,2,1,2,2,2,1,2,1,1,2,1,2, , ,5, ,2,1,1,2,4,1,99,1,7,1,9,9,2
101769,2,1,1,1,1,1,1,1,2,2,2,2,1,1,1,1,2,1,1,1,1,1,19,6,3,7,98,3,2
101771,2,2,3,1,2,2,2,1,2,2,2,2,5, , , ,5,1,1,2,1,2,74,3,5,3,99,3,1
101773,2,2,3,2,2,2,2,1,2,2,2,2, , , , ,1,2,1,2,3,1,68,1,4,3,4,3,1
101776,2,1,1,2,2,1,2,1,2,2,2,2, , ,1, ,1,1,2,1,3,1,35,1,2,4,2,2, 
101777,2,1,3,2,2,1,2,1,2,2,2,2, , ,3, ,2,1,1,2,3,1,55,5,5,3,4,1, 
101779,2,1,2,1,1,1,2,1,2,2,1,2,4,4,4, ,4,2,1,2,1,1,30,1,7,1,9,2, 
101780,2,1,3,2,2,1,1,1,2,2,1,1, , ,2,1,1,1,1,1,1,1,22,6,5,2,98,3,2
101781,1,1,3,2,2,2,2,1,2,2,2,2, , , , ,3,1,1,1,1,2,36,1,6,1,8,2, 
101782,2,2,2,2,2,2,2,1,2,2,1,2, , , , ,3,2,1,2,3,1,45,6,5,1,7,3,8
101784,2,1,1,2,2,1,1,1,2,2,2,2, , ,1,1,3,1,2,1,3,1,21,1,5,1,5,2, 
101785,2,1,2,2,2,1,2,2,2,2,2,2, , ,2, , ,1,1,1,1,1,55,1,3,1,7,1, 
101787,1,1,4,2,1,1,2,1,2,2,1,1, ,4,4, ,4,1,1,1,1,2,53,1,6,1,9,2, 
101788,2,1,1,2,1,1,2,1,2,1,2,2, ,1,1, ,3,2,1,2,3,2,44,2,3,1,4,1, 
101790,2,1,2,2,2,1,2,2,2,2,2,2, , ,3, , ,1,1,2,3,1,74,1,6,3,98,3,1
101791,2,2,2,2,2,2,2,2,2,2,2,2, , , , , ,2,1,2,3,1,99,3,7,3,6,1, 
101795,2,1,2,2,1,1,2,1,2,1,2,2, ,4,1, ,2,2,1,2,4,1,55,1,6,1,9,1, 
101797,5,2, ,2,8,1,2,8,8,2,2,2, , ,5, , ,2,1,2,4,2,80,9,7,3,99,3,2
101799,2,1,4,2,1,1,2,1,1,2,2,2, ,2,2, ,3,1,1,2,1,2,49,1,2,4,98,4,8
101801,1,1,2,2,1,1,2,2,2,2,1,2, ,4,1, , ,2,1,1,1,2,53,1,8,1,8,2, 
101803,2,2,1,2,1,2,2,1,1,2,1,2, ,3, , ,3,8,1,1,3,1,39,1,7,1,8,2, 
101804,4,1,3,2,2,1,2,1,1,2,1,2, , ,1, ,1,2,1,2,1,1,36,1,6,1,9,4,8
101805,2,1,1,2,1,1,1,1,1,1,2,2, ,2,1,1,1,1,1,1,1,2,48,1,3,1,7,2, 
101808,2,1,1,2,2,1,2,1,2,2,2,2, , ,2, ,3,2,1,2,3,1,59,1,3,1,8,1, 
101809,1,1,2,2,2,1,2,2,2,2,2,2, , ,1, , ,1,1,2,4,1,71,1,6,5,7,3,1
101814,2,2,2,2,2,2,2,2,2,2,1,2, , , , , ,2,1,2,1,2,49,1,6,1,8,9,9
200004,2,2,1,2,2,2,2,1,2,1,2,2, , , , ,3,1,1,2,3,2,89,8,1,4,1,3,2
200010,1,1,1,1,1,1,2,2,1,2,2,2,5,1,1, , ,2,1,1,3,2,34,6,3,1,1,2, 
200011,5,2,1,2,2,2,2,1,2,2,2,2, , , , ,3,1,1,1,1,2,66,2,5,3,3,2, 
200012,3,2, ,2,2,2,2,2,2,2,2,2, , , , , ,1,2,2,1,2,72,5,1,4,98,4,8
200014,1,1,4,1,1,1,2,1,1,1,1,2,3,5,1, ,3,1,1,1,1,2,43,1,6,1,9,2, 
200018,1,1,2,1,2,1,2,1,2,1,1,1,4, ,3, ,3,1,1,1,4,1,51,1,6,3,8,1, 
200020,2,1,1,2,2,1,2,1,2,2,2,2, , ,2, ,1,2,1,1,3,2,34,1,4,1,3,2, 
300003,2,1,1,2,1,1,2,1,1,2,2,2, ,2,1, ,1,2,2,2,3,1,35,6,2,1,99,3,2
300004,1,1,1,2,1,2,1,1,1,2,2,1, ,1, ,2,1,1,1,1,3,1,20,6,5,4,9,1, 
300007,1,2, ,2,2,1,2,1,1,2,2,2, , ,5, ,5,2,2,2,3,2,45,6,3,4,1,3,8
300008,1,1,1,2,1,1,1,1,1,1,2,2, ,5,1,2,1,2,2,2,2,2,50,3,3,6,1,3,2
300012,2,1,3,1,2,1,2,1,2,1,2,2,2, ,2, ,3,1,1,1,3,1,54,1,4,1,6,1, 
300013,3,1,1,2,2,1,2,1,2,2,2,2, , ,1, ,2,2,2,2,3,1,56,3,2,6,1,4,9
300015,1,1,1,2,1,1,2,1,2,2,2,2, ,2,1, ,3,2,1,2,3,1,99,9,5,99,99,4,8
300017,2,2,1,2,2,2,2,2,2,1,2,2, , , , , ,1,1,1,4,2,29,6,6,1,4,3,8
300019,2,1, ,2,1,1,1,1,2,2,1,2, ,5,8,4,1,2,1,2,4,2,46,6,5,2,3,2, 
300020,1,1,2,2,1,1,1,1,2,2,1,1, ,2,3,2,1,2,1,1,4,1,24,6,6,1,7,1, 
300022,2,1,3,2,2,1,1,1,1,2,2,2, , ,1,1,1,2,1,2,3,1,27,6,3,4,98,3,8
300024,1,1,1,2,1,1,1,1,1,2,2,2, ,2,1,2,1,1,1,1,3,2,35,2,2,1,7,4,8
300025,1,1,2,1,1,2,1,1,2,2,2,2,1,1, ,1,3,2,1,1,4,1,20,6,3,4,4,9,9
300026,2,2,1,2,2,2,1,1,2,1,2,1, , , ,1,1,1,1,1,4,1,25,6,4,1,9,2, 
300027,2,1,1,2,2,1,2,1,1,2,2,2, , ,5, ,1,2,2,2,4,2,53,4,3,4,1,3,2
300028,2,1,2,2,1,1,2,1,2,2,1,1, ,1,3, ,3,2,1,1,4,1,31,2,7,1,6,2, 
300030,4,1,1,2,1,1,1,1,2,2,1,2, ,1,1,1,1,1,1,1,4,1,32,5,4,1,6,8,8
300031,2,1,1,2,1,1,1,1,2,2,2,2, ,5,1,1,2,2,2,2,3,1,27,6,7,4,4,8,9
300032,2,1, ,2,1,1,2,1,1,2,2,2, ,2,1, ,3,2,2,2,4,2,37,4,3,4,1,8,8
300034,1,1,1,1,1,1,2,1,1,2,2,2,5,1,1, ,1,2,2,2,4,2,38,6,2,1,1,8,8
300039,1,1,1,2,2,1,2,1,1,2,2,2, , ,9, ,4,1,1,2,3,1,58,3,5,1,7,1, 
300040,2,1,1,2,2,1,2,2,2,2,2,2, , ,2, , ,2,2,2,3,1,58,6,6,6,3,2, 
300041,2,1, ,2,1,1,2,1,1,2,2,2, ,2,1, ,5,1,1,2,3,2,59,3,3,1,2,1, 
300043,2,1,1,2,1,1,2,1,1,2,2,2, ,2,1, ,3,2,2,2,2,1,50,1,2,1,4,2, 
300044,2,1,2,1,1,1,2,1,1,2,2,2,5,2,3, ,5,1,1,2,4,1,43,1,6,1,8,3,2
300052,1,1,1,1,1,1,1,1,1,2,2,2,5,2,1,3,1,1,2,1,4,2,34,4,3,1,3,3,8
300053,2,2,2,2,2,2,2,1,2,2,2,2, , , , ,3,1,2,1,3,1,39,6,4,4,1,3,8
300055,2,1,1,2,2,1,2,1,2,2,2,2, , ,2, ,2,1,1,2,4,1,54,3,5,1,5,1, 
300057,1,1,1,2,2,1,2,1,2,2,2,2, , ,1, ,1,1,1,2,3,1,38,1,2,1,6,3,9
300058,2,1,1,2,1,1,1,1,2,2,1,2, ,2,1,1,3,2,1,1,1,2,27,2,6,1,7,2, 
300078,2,2,1,2,2,2,2,2,2,1,1,2, , , , , ,1,1,1,3,2,33,6,7,1,9,1, 
300081,1,1,1,1,1,1,1,1,1,1,2,1,3,1,1,1,2,1,1,1,3,2,21,6,5,4,98,2, 
300086,2,1,3,2,1,1,1,1,1,1,2,2, ,3,1,1,4,2,1,2,4,2,19,6,3,2,8,3,1
300089,3,2, ,2,2,2,2,2,2,2,2,2, , , , , ,2,2,2,1,2,35,6,6,3,5,3,9
300092,1,2,2,2,2,2,1,1,1,2,1,1, , , ,1,2,1,1,1,3,1,31,6,7,1,7,3,2
300094,2,1,2,2,2,1,2,2,2,2,2,2, , ,2, , ,1,1,2,3,1,53,1,7,1,9,2, 
300096,1,1,3,2,1,1,2,1,1,1,2,2, ,1,1, ,2,2,1,2,1,2,31,1,6,2,4,3,2
300100,2,2,2,2,2,2,2,2,2,2,2,2, , , , , ,1,1,2,3,1,55,1,7,3,9,3,1
300102,2,1,2,2,2,1,2,1,2,2,2,2, , ,1, ,1,1,1,1,4,1,59,1,6,1,6,3,1
300110,4,1, ,2,2,1,2,1,2,2,2,2, , ,2, ,1,2,2,2,3,1,70,5,7,3,8,2, 
300111,1,1,1,2,1,1,1,1,1,1,2,2, ,5,1,2,1,1,1,1,3,1,25,1,5,1,6,3,1
300112,1,1,1,2,2,1,2,2,1,2,2,2, , ,1, , ,2,2,2,4,2,51,1,3,4,4,9,8
300113,1,1,1,2,1,1,1,1,2,1,2,2, ,5,1,1,1,1,1,1,4,2,30,1,2,1,6,2, 
300114,9,2, ,2,1,1,2,2,1,2,1,2, ,2,2, , ,2,1,2,3,1,60,3,7,1,3,4,2
300115,2,1,3,2,1,1,1,1,2,2,1,2, ,1,2,3,1,1,1,2,3,2,43,3,7,1,6,2, 
300116,3,1, ,2,2,1,2,1,1,2,2,2, , ,3, ,3,1,2,2,3,1,39,1,3,1,4,3,9
300121,2,1,1,2,2,1,2,2,1,2,1,2, , ,2, , ,1,1,2,3,1,55,1,7,3,9,3,2
300122,1,1,1,1,1,1,1,2,1,2,2,2,3,3,1,3, ,1,1,1,3,2,54,5,3,2,3,3,9
300123,2,2,1,2,2,2,2,1,2,2,2,2, , , , ,2,1,2,1,4,1,57,1,3,1,5,9,1
300124,3,2,1,2,2,2,2,2,2,2,2,2, , , , , ,2,1,2,4,1,53,1,3,5,5,2, 
300125,2,1,1,2,2,1,2,1,1,2,2,2, , ,1, ,1,1,1,2,4,1,69,6,6,3,4,3,2
300126,2,2,2,2,2,2,2,1,2,2,2,2, , , , ,5,1,1,2,3,2,73,1,6,3,99,3,2
300127,1,1,3,2,2,1,2,1,2,2,2,2, , ,1, ,1,2,2,1,3,1,28,6,5,2,98,2, 
300128,3,1,3,2,1,1,2,1,1,2,2,2, ,2,2, ,5,1,1,2,3,2,50,1,6,2,99,8,8
300130,1,1,1,2,1,1,1,1,1,1,2,2, ,2,2,2,1,2,2,2,3,2,32,4,4,4,1,3,9
300132,2,1,1,2,1,1,2,1,2,2,2,2, ,3,1, ,5,1,1,1,4,2,37,1,6,2,6,2, 
300134,1,1,1,2,1,1,1,1,1,2,1,2, ,3,5,5,3,2,2,1,3,1,35,9,99,1,99,9,9
300135,2,1,3,2,1,1,2,1,1,2,1,2, ,2,2, ,3,2,1,2,1,2,30,6,6,1,6,2, 
300138,1,2,3,2,2,1,2,1,1,2,1,2, , ,5, ,3,1,1,2,3,1,61,1,3,1,9,3,2
300139,2,1,2,1,1,1,1,1,2,1,2,2,1,1,1,1,1,2,1,1,4,1,19,6,4,1,8,3,2
300140,5,2, ,2,2,2,2,1,1,2,2,2, , , , ,1,2,2,2,4,2,34,2,3,2,3,3,9
300141,2,1,2,2,2,1,2,1,2,1,2,2, , ,2, ,4,1,1,1,4,2,70,1,6,3,8,1, 
300142,2,2,2,2,2,2,2,1,2,2,2,2, , , , ,1,1,2,2,3,2,54,1,3,4,1,3,8
300144,1,1,1,2,2,1,1,1,1,2,2,2, , ,1,2,2,1,2,1,4,2,27,1,3,4,3,2, 
300148,2,1,3,2,2,1,2,2,2,1,2,2, , ,1, , ,1,2,2,4,2,53,3,3,4,99,9,9
300149,2,1,1,1,1,1,1,1,1,1,2,2,2,1,1,2,5,1,1,1,3,2,58,1,6,2,99,2, 
300152,2,2,3,2,2,2,2,1,2,2,1,2, , , , ,2,1,1,2,2,1,50,3,6,1,99,2, 
300155,2,1,3,1,1,1,1,1,1,2,2,2,3,2,1,2,1,2,1,1,3,1,21,6,4,7,2,3,2
300161,2,1,1,2,2,1,2,1,1,2,2,2, , ,1, ,1,2,1,1,3,1,51,1,4,1,6,2, 
300162,3,1,1,1,1,1,2,1,1,1,1,2,2,3,2, ,2,1,1,2,1,2,40,1,6,1,9,3,2
300165,2,1,1,1,1,1,2,1,2,2,1,2,3,3,1, ,2,2,1,2,4,1,49,2,3,4,6,3,1
300168,1,1,1,1,1,1,1,1,1,2,2,2,5,3,1,3,1,1,2,2,4,1,35,1,6,1,9,9,9
300169,2,1,1,2,1,1,2,1,2,1,2,2, ,2,1, ,2,1,2,1,3,2,32,3,2,2,1,3,2
300175,2,2,1,2,2,2,2,2,1,2,2,2, , , , , ,2,1,2,1,1,67,1,7,1,9,3,2
300176,2,1,3,1,1,1,1,1,1,2,1,1,1,1,1,1,1,1,1,1,3,2,22,6,5,2,1,2, 
300182,1,1,1,1,1,1,2,1,1,1,2,1,1,5,1, ,1,1,1,1,3,2,39,1,3,4,3,3,2
300186,2,1,3,2,2,1,2,1,2,1,2,1, , ,1, ,1,2,1,1,3,2,35,1,5,8,6,1, 
300187,1,1,3,2,1,1,1,1,1,2,2,2, ,1,1,1,1,1,1,2,4,1,35,1,3,1,4,1, 
300188,1,1,1,2,1,1,2,1,2,1,2,2, ,3,2, ,1,1,1,2,4,2,28,6,6,1,3,2, 
300195,2,1,1,2,2,1,2,1,2,1,2,2, , ,3, ,1,1,1,1,4,1,20,6,3,1,9,9,9
300196,1,1,2,2,1,1,2,1,1,2,2,2, ,2,2, ,2,1,1,1,1,1,60,1,7,3,8,4,2
300199,2,1,3,2,1,2,2,1,1,1,1,2, ,2, , ,3,1,1,1,4,2,99,1,6,1,99,3,1
300200,2,1,1,2,2,1,1,1,2,2,1,2, , ,3,3,3,1,1,1,3,1,29,1,5,1,8,3,8
10,3,1, ,2,2,1,2,1,2,2,2,2, , ,2, ,4,2,1,2,2,2,67,1,3,3,6,3,2
23,2,2, ,2,2,1,2,1,2,2,2,2, , ,2, ,5,2,1,2,3,1,58,3,4,3,5,2, 
35,2,1, ,2,2,1,2,2,2,2,2,2, , ,4, , ,2,1,2,3,2,65,3,3,3,2,1, 
43,5,2, ,2,2,2,2,2,2,2,2,2, , , , , ,2,1,2,1,2,57,1,3,6,99,2, 
52,2,1, ,2,2,1,2,1,2,2,2,2, , ,1, ,2,2,1,2,3,1,70,1,3,3,6,1, 
66,2,2, ,2,2,2,2,1,2,2,2,2, , , , ,5,2,1,2,2,1,86,1,6,3,3,1, 
74,4,2, ,2,2,2,2,1,2,2,2,2, , , , ,5,2,1,1,1,2,57,4,5,1,99,4,8
87,3,1, ,2,2,2,2,1,2,2,2,2, , , , ,3,2,1,2,4,1,73,1,3,3,6,1, 
89,3,2, ,2,2,2,2,2,2,2,2,2, , , , , ,2,1,2,2,2,79,5,6,3,4,3,2
92,2,1, ,2,2,1,2,2,2,2,2,2, , ,1, , ,1,2,2,2,2,98,9,99,99,99,9,9
99,5,1, ,2,2,2,2,1,2,2,2,2, , , , ,3,1,1,2,3,2,58,3,6,1,7,2, 
118,2,2,3,2,2,2,2,2,2,2,2,2, , , , , ,2,1,8,1,1,19,6,1,4,1,3,8
129,2,1, ,2,2,1,2,2,2,2,2,2, , ,1, , ,2,1,2,2,2,73,5,5,3,3,3,2
130,4,2, ,2,2,1,2,2,2,2,2,2, , ,5, , ,2,1,2,3,2,83,3,5,3,1,1, 
169,4,2, ,2,2,2,2,2,2,2,2,2, , , , , ,2,1,2,3,2,99,6,7,3,99,2, 
194,1,1,2,2,2,1,2,1,2,2,1,2, , ,3, ,3,2,1,2,4,2,83,3,8,1,7,3,2
197,2,2, ,2,2,2,2,2,2,2,1,2, , , , , ,2,1,2,4,2,78,5,7,3,99,2, 
201,2,1,2,2,2,1,2,2,2,2,1,2, , ,2, , ,1,1,2,3,2,85,3,4,3,2,1, 
202,3,1, ,2,2,1,2,2,2,2,2,2, , ,2, , ,2,1,2,3,2,71,1,3,6,98,9,9
209,2,1,2,2,2,1,2,2,2,2,2,2, , ,1, , ,2,1,2,3,2,66,1,3,3,1,1, 
240,4,1, ,2,2,1,2,2,2,1,1,2, , ,3, , ,1,1,2,2,2,70,5,8,2,4,1, 
243,2,1, ,1,2,1,2,2,2,2,2,2,3, ,2, , ,2,1,2,3,2,74,5,4,3,1,3,1
278,2,1, ,2,2,1,2,1,2,1,2,2, , ,1, ,4,2,1,2,4,2,79,3,5,3,99,1, 
295,2,2, ,2,2,2,2,2,2,2,1,2, , , , , ,2,1,2,2,1,65,1,6,3,99,3,1
310,1,1, ,1,2,2,2,1,2,2,2,2,2, , , ,2,2,1,2,3,1,72,6,8,3,3,1, 
312,3,2, ,2,2,2,2,2,2,2,2,2, , , , , ,2,1,2,3,1,62,1,1,6,99,1, 
315,2,2, ,2,2,2,2,1,2,2,2,2, , , , ,2,2,1,2,1,1,91,1,5,3,8,2, 
325,2,1, ,2,2,1,2,2,2,2,2,2, , ,1, , ,2,1,1,4,2,81,1,5,3,5,2, 
331,2,1, ,1,2,1,2,1,2,2,2,2,2, ,1, ,2,2,1,2,1,1,69,6,6,3,99,3,1
339,2,2, ,2,2,2,2,2,2,2,2,2, , , , , ,2,1,2,2,1,62,1,6,3,7,2, 
362,2,1,2,2,2,1,2,1,2,2,1,2, , ,1, ,3,2,1,2,2,1,69,1,7,2,2,3,1
377,4,2, ,2,2,2,2,2,2,2,2,2, , , , , ,2,1,1,3,2,65,3,6,3,6,2, 
100006,1,2, ,2,2,2,2,1,2,2,1,1, , , , ,2,2,1,1,3,1,32,2,6,1,7,2, 
100020,4,2,2,2,2,2,2,2,2,2,2,2, , , , , ,2,1,2,3,1,70,1,7,3,2,3,1
100024,4,1,2,2,2,1,2,1,1,1,1,2, , ,1, ,3,2,2,1,3,2,40,1,6,1,8,2, 
100044,2,1, ,2,2,1,2,2,2,2,2,2, , ,1, , ,2,1,2,3,1,62,3,6,3,5,2, 
100051,3,2,2,1,2,2,2,1,2,2,1,2,3, , , ,5,1,1,2,1,2,69,1,4,2,8,1, 
100062,2,1,2,2,2,1,2,1,2,1,2,2, , ,1, ,3,2,1,2,2,2,83,5,4,3,4,2, 
100085,2,1, ,1,2,1,2,1,2,2,1,2,4, ,2, ,3,2,1,2,3,2,54,3,7,3,9,2, 
100114,4,2, ,2,2,2,2,2,2,2,2,2, , , , , ,2,1,2,2,2,80,9,6,3,9,3,8
100115,3,1, ,2,2,1,2,1,2,2,2,2, , ,3, ,3,2,1,2,3,1,74,1,4,3,3,1, 
100130,4,1, ,2,2,2,2,1,2,2,2,2, , , , ,2,2,1,2,3,1,72,5,3,3,2,1, 
100160,2,2, ,2,2,2,2,1,2,2,2,2, , , , ,1,2,1,2,1,1,77,1,4,3,99,2, 
100196,3,2,2,2,2,2,2,2,2,1,2,2, , , , , ,1,1,2,4,2,69,1,6,3,7,2, 
100235,2,1, ,2,2,1,2,1,2,1,2,1, , ,1, ,8,2,1,2,1,1,69,6,6,4,2,3,2
100254,2,1, ,2,2,1,2,2,2,2,2,2, , ,2, , ,1,1,2,2,1,58,1,3,1,5,1, 
100365,2,2, ,2,2,2,2,1,2,2,2,2, , , , ,3,2,1,2,2,1,72,3,5,3,9,1, 
100552,5,2,1,2,2,2,2,2,2,2,2,2, , , , , ,2,2,2,1,1,62,4,6,4,1,2, 
100560,5,1,1,2,2,1,2,2,2,2,2,2, , ,1, , ,2,2,2,3,2,88,5,4,3,6,3,1
100618,4,2, ,2,2,2,2,2,2,1,2,2, , , , , ,2,1,2,3,2,66,1,4,3,2,1, 
100670,5,2, ,2,2,2,2,2,2,2,2,2, , , , , ,2,2,2,2,1,70,6,3,1,8,3,1
100702,2,2, ,2,2,2,2,1,2,2,2,2, , , , ,5,1,1,2,4,1,99,1,7,99,99,1, 
100845,5,2, ,2,2,2,2,2,2,2,2,2, , , , , ,2,2,2,2,2,66,1,6,4,99,1, 
100927,2,2, ,2,2,2,2,1,2,2,1,2, , , , ,1,2,1,2,1,1,57,1,7,1,8,3,1
100929,5,2, ,2,2,2,2,2,2,2,2,2, , , , , ,2,2,2,1,1,66,6,4,3,1,3,2
101032,3,2, ,2,2,1,2,2,2,2,2,2, , ,2, , ,2,1,2,4,2,81,5,3,3,1,4,9
101078,3,1, ,2,2,1,2,2,2,2,2,2, , ,2, , ,2,1,2,2,1,85,5,3,3,5,2, 
101112,5,2, ,2,2,2,2,2,2,2,2,2, , , , , ,2,1,2,2,1,65,3,3,3,4,1, 
101144,4,2, ,2,2,2,2,2,2,2,2,2, , , , , ,2,8,2,3,1,82,2,6,5,8,1, 
101146,3,1, ,2,2,1,2,1,2,2,2,2, , ,3, ,3,2,1,2,2,2,64,5,6,3,99,9,8
101168,4,1,2,2,2,1,2,2,2,2,2,2, , ,4, , ,1,1,2,4,2,84,1,4,4,7,1, 
101220,3,2,2,2,2,2,2,2,2,2,2,2, , , , , ,2,1,2,1,1,70,5,7,3,99,3,1
101247,8,1,2,2,2,1,2,1,2,2,2,2, , ,4, ,4,2,1,2,3,2,98,1,4,3,99,9,1
101254,1,1,1,2,2,1,2,1,1,2,2,2, , ,1, ,1,2,1,1,3,1,26,3,2,4,98,2, 
101277,4,1,2,2,2,1,2,2,2,2,2,2, , ,2, , ,2,1,2,3,2,56,3,3,3,5,1, 
101283,5,2, ,2,2,2,2,2,2,2,2,2, , , , , ,1,1,2,2,2,77,5,4,3,99,3,2
101386,3,2, ,2,2,2,2,2,2,2,1,2, , , , , ,2,2,1,1,1,31,1,3,1,4,3,2
101390,5,2, ,2,2,2,2,2,2,2,2,2, , , , , ,2,1,2,1,1,64,1,3,3,99,1, 
101397,4,2,2,2,2,2,2,1,2,2,2,2, , , , ,3,2,1,1,1,1,50,3,4,1,8,2, 
101435,3,1, ,2,2,1,2,8,2,2,2,2, , ,1, , ,2,1,2,1,2,65,1,4,3,5,4,1
101453,3,2,2,2,2,2,2,2,2,2,2,2, , , , , ,2,1,2,2,1,71,1,3,3,5,4,1
101536,4,2, ,2,2,2,2,2,2,2,2,2, , , , , ,2,1,2,1,1,65,1,8,3,99,3,8
101547,3,1,2,2,1,1,2,1,2,1,1,2, ,5,2, ,5,2,1,2,2,2,71,3,7,2,4,2, 
101568,3,2, ,2,2,2,2,1,2,2,2,2, , , , ,1,2,1,2,2,1,99,3,3,3,3,1, 
101579,5,2, ,2,2,2,2,2,2,2,2,2, , , , , ,2,2,2,3,2,99,9,99,99,99,9,9
101587,2,1,2,2,2,1,2,1,2,2,2,2, , ,1, ,3,2,1,2,2,1,73,1,4,1,6,1, 
101603,3,2, ,2,2,2,2,2,2,2,2,2, , , , , ,2,1,2,2,1,58,1,3,1,5,2, 
101606,3,2,2,2,2,2,2,2,2,2,2,2, , , , , ,1,1,2,4,1,86,1,4,3,7,3,1
101664,2,2, ,2,2,2,2,1,2,2,2,2, , , , ,3,2,1,2,3,1,57,1,6,1,9,3,1
101737,3,1, ,2,2,1,2,1,2,2,2,2, , ,2, ,3,2,1,2,1,2,72,5,7,3,3,2, 
101806,3,2,1,2,2,2,2,2,2,2,2,2, , , , , ,2,2,2,1,1,35,6,3,4,1,2, 
200006,5,2, ,2,2,2,2,1,2,2,2,2, , , , ,2,1,2,2,4,2,30,1,3,4,99,9,9
200025,3,2,2,2,2,2,2,2,2,2,2,2, , , , , ,2,1,2,4,2,60,4,3,1,2,2, 
300061,4,2, ,2,2,2,2,1,2,2,2,2, , , , ,3,2,1,2,1,1,62,6,4,5,3,3,2
300194,2,2, ,2,2,2,2,1,2,2,2,2, , , , ,3,2,1,2,4,1,65,1,4,3,4,4,2
282,2,2, ,2,2,2,2,2,2,2,2,2, , , , , ,2,8,2,4,2,85,3,6,3,6,9,1
230,3,2, ,2,1,2,2,2,8,2,1,2, ,3, , , ,1,1,2,3,2,81,5,6,3,98,3,8
300068,2,2,3,2,2,2,2,1,2,2,2,2, , , , ,2,1,1,1,3,1,40,1,7,1,9,3,2
61,4,2, ,2,2,2,2,2,8,2,2,2, , , , , ,2,2,2,3,2,90,5,3,3,2,2, 
133,3,2, ,2,2,1,2,2,2,2,2,2, , ,2, , ,1,2,2,4,2,79,5,2,3,3,3,8
179,2,1,3,2,2,1,2,1,2,2,2,2, , ,2, ,1,1,1,1,3,2,30,6,5,4,2,2, 
204,2,1,1,2,2,1,2,2,2,2,2,2, , ,3, , ,2,2,2,3,1,69,3,2,3,1,2, 
259,2,2, ,2,2,2,2,2,2,2,2,2, , , , , ,2,1,2,1,2,79,4,8,3,7,2, 
263,5,2, ,2,2,2,2,2,2,2,2,2, , , , , ,1,1,2,1,1,71,6,3,3,99,3,8
291,5,2, ,2,2,2,2,2,2,2,2,2, , , , , ,1,1,2,1,1,83,1,6,3,4,1, 
335,3,1, ,2,2,1,2,2,2,1,2,2, , ,1, , ,1,2,2,3,1,99,9,2,3,99,2, 
100011,5,2,1,2,2,2,2,2,2,2,2,2, , , , , ,2,2,2,2,1,80,1,3,3,3,3,1
100034,3,1, ,2,2,1,1,1,2,2,2,2, , ,1,2,1,2,2,1,1,1,52,6,2,6,2,2, 
100069,5,2, ,2,2,1,2,2,2,2,2,2, , ,5, , ,2,1,2,3,1,88,5,4,3,1,3,1
100134,5,2, ,2,2,2,2,1,2,2,2,2, , , , ,1,2,2,2,3,2,71,5,2,3,1,2, 
100306,4,2,1,2,2,2,2,2,2,2,2,2, , , , , ,2,2,1,1,1,23,6,2,1,7,1, 
100320,3,2, ,2,2,2,2,2,2,2,2,2, , , , , ,1,2,2,2,1,75,5,4,3,3,3,2
100415,5,2,1,2,2,2,2,2,2,2,2,2, , , , , ,2,2,2,4,2,70,5,3,3,2,2, 
100563,5,2, ,2,2,2,2,2,2,2,2,2, , , , , ,2,2,2,3,1,73,1,5,3,7,1, 
100619,1,1,1,2,2,1,2,1,2,2,2,2, , ,1, ,3,2,2,2,2,2,47,6,2,6,98,3,8
100634,2,1,1,2,8,1,8,1,2,2,2,2, , ,1, ,1,2,1,1,4,1,60,3,2,6,99,5,2
100791,4,2,2,2,2,2,2,2,2,1,2,2, , , , , ,2,2,1,2,2,50,5,3,8,98,2, 
100808,2,1,2,1,1,1,2,1,1,2,1,2,5,1,1, ,5,2,1,2,3,1,60,4,6,1,7,2, 
100864,5,2, ,2,2,2,2,2,2,2,2,2, , , , , ,1,2,2,3,2,99,6,5,3,2,2, 
100945,1,1,1,2,2,1,1,1,2,2,2,2, , ,5,5,1,2,2,2,3,2,18,6,3,4,1,3,2
100952,5,2, ,2,2,2,1,2,2,2,2,2, , , ,5, ,2,2,2,3,2,72,5,3,3,3,3,2
101029,3,2,1,2,2,1,2,1,1,2,2,2, , ,3, ,3,2,1,2,4,2,42,1,1,4,3,2, 
101273,3,1,1,2,1,2,2,2,2,2,2,2, ,4, , , ,2,2,2,3,2,40,4,2,1,6,1, 
101413,3,2,2,2,2,2,2,2,2,2,2,2, , , , , ,1,1,2,4,1,35,1,5,1,9,3,2
101472,5,1,1,2,2,1,2,1,2,2,2,2, , ,4, ,4,1,1,1,4,1,53,3,5,1,7,2, 
101492,5,2, ,2,2,1,2,2,2,2,2,2, , ,2, , ,2,2,2,2,2,66,1,1,1,1,3,8
101503,4,1,1,2,2,2,2,1,2,2,2,2, , , , ,2,1,1,2,1,1,62,1,6,1,2,2, 
101512,8,2, ,2,2,2,2,2,2,2,2,2, , , , , ,2,2,2,3,1,76,5,3,4,99,4,8
101629,5,2,1,2,2,2,2,2,2,2,2,2, , , , , ,2,2,2,2,1,77,3,3,3,9,1, 
101701,2,2,2,2,2,2,2,1,2,2,2,2, , , , ,2,1,1,2,2,1,46,1,3,8,4,3,2
101751,3,2,8,2,2,2,2,2,2,2,2,2, , , , , ,2,2,2,1,1,78,4,2,3,1,2, 
101783,4,2,1,2,2,1,2,1,1,2,2,2, , ,3, ,3,2,2,2,1,1,40,1,1,1,1,3,2
300016,1,1,1,2,2,1,2,1,2,2,2,2, , ,1, ,1,2,2,2,3,1,62,5,2,3,3,1, 
300131,5,2,1,2,2,2,2,2,2,2,2,2, , , , , ,2,2,2,3,1,65,1,3,1,5,3,2
300184,4,1,1,2,2,1,2,1,2,2,2,2, , ,2, ,2,2,2,2,4,1,40,2,1,1,98,4,8
100089,1,1,2,2,1,1,2,1,2,2,1,2, ,1,1, ,3,1,1,2,1,2,54,3,6,4,4,2, 