timestep;sub-23-0;sub-16-1;sub-22-2;sub-22-3;sub-21-4;sub-21-5;sub-1-6;sub-11-7;sub-11-8;sub-28-9;sub-5-10;sub-4-11;sub-26-12;donothing-0
0;39.79365921020508;40.3414421081543;39.86885452270508;39.74224090576172;39.09227752685547;40.27014923095703;37.017513275146484;41.636085510253906;41.186195373535156;40.798126220703125;40.769004821777344;35.74964141845703;32.94975280761719;40.65529251098633
1;39.6754035949707;40.29576110839844;39.803565979003906;39.71099090576172;39.00994110107422;40.17731475830078;37.07619094848633;41.567569732666016;41.12749481201172;40.75321578979492;40.70613098144531;35.61936569213867;33.0315055847168;40.560062408447266
2;39.65702819824219;40.25731658935547;39.822792053222656;39.682125091552734;38.9504508972168;40.13330841064453;37.08909225463867;41.55790328979492;41.13929748535156;40.7314453125;40.743587493896484;35.66105270385742;32.93941116333008;40.5052375793457
3;39.714107513427734;40.33419418334961;39.85991668701172;39.75267791748047;39.03440475463867;40.224769592285156;37.017250061035156;41.56348419189453;41.142539978027344;40.793701171875;40.655277252197266;35.532920837402344;33.12504959106445;40.59377670288086
4;39.607540130615234;40.25003433227539;39.82308578491211;39.71311950683594;38.936744689941406;40.16857147216797;37.19888687133789;41.57742691040039;41.138328552246094;40.74385070800781;40.8182487487793;35.67289733886719;33.032779693603516;40.490272521972656
5;39.99396896362305;40.58803939819336;40.13496017456055;40.0207633972168;39.31645584106445;40.474281311035156;37.55165100097656;41.953346252441406;41.50291061401367;41.0301399230957;41.28268051147461;36.14984130859375;33.24190139770508;40.87053298950195
6;39.8277473449707;40.46466827392578;40.03952407836914;39.904048919677734;39.142093658447266;40.354286193847656;37.51741409301758;41.871150970458984;41.41096115112305;40.91096878051758;41.22774124145508;36.012664794921875;33.19498825073242;40.6922607421875
7;40.30511474609375;40.822818756103516;40.33987045288086;40.22651290893555;39.60710525512695;40.66189193725586;37.99281311035156;42.284400939941406;41.835777282714844;41.20658493041992;41.677024841308594;36.469444274902344;33.49266052246094;41.142295837402344
8;40.520362854003906;41.03802490234375;40.558876037597656;40.47294998168945;39.83313751220703;40.88248062133789;38.17866134643555;42.514892578125;42.05575180053711;41.377281188964844;41.92975997924805;36.68962860107422;33.65391159057617;41.380104064941406
9;40.612525939941406;41.126373291015625;40.660701751708984;40.54759979248047;39.91061782836914;40.98802947998047;38.2758674621582;42.58861541748047;42.11429214477539;41.48023986816406;42.00921630859375;36.737510681152344;33.7772102355957;41.46080017089844
10;40.84147262573242;41.2797737121582;40.8217887878418;40.72923278808594;40.12527084350586;41.10098648071289;38.456024169921875;42.75216293334961;42.28417205810547;41.59965133666992;42.20346450805664;36.87788772583008;33.85454559326172;41.637306213378906
11;41.08122253417969;41.49848556518555;41.08397674560547;40.991886138916016;40.382911682128906;41.38512420654297;38.65994644165039;42.970977783203125;42.51360321044922;41.806766510009766;42.38698959350586;37.08134460449219;34.081573486328125;41.901981353759766
12;41.299827575683594;41.66294860839844;41.28163528442383;41.191871643066406;40.594608306884766;41.597251892089844;38.85811996459961;43.18211364746094;42.7132453918457;41.96574020385742;42.650543212890625;37.263397216796875;34.23084259033203;42.104949951171875
13;41.403221130371094;41.774845123291016;41.39636993408203;41.29726028442383;40.6734504699707;41.71919631958008;39.0233154296875;43.31447219848633;42.798301696777344;42.080078125;42.8536491394043;37.444026947021484;34.28356170654297;42.20085906982422
14;41.945823669433594;42.234230041503906;41.91020965576172;41.801002502441406;41.22441864013672;42.22870635986328;39.21717071533203;43.64098358154297;43.147586822509766;42.580142974853516;43.07332992553711;37.591041564941406;34.678375244140625;42.71345901489258
15;42.033477783203125;42.3255615234375;42.01309585571289;41.893314361572266;41.32429504394531;42.338958740234375;39.48762130737305;43.819358825683594;43.28904342651367;42.684452056884766;43.394325256347656;37.89363098144531;34.696022033691406;42.819942474365234
16;42.182777404785156;42.47733688354492;42.1524543762207;42.05954360961914;41.464012145996094;42.4939079284668;39.64823532104492;43.99269104003906;43.43241882324219;42.82381057739258;43.65913772583008;38.22733688354492;34.70367431640625;42.960479736328125
17;42.396793365478516;42.65507125854492;42.34651184082031;42.242095947265625;41.70195770263672;42.679752349853516;39.71446990966797;44.06821823120117;43.50498580932617;43.0469970703125;43.664756774902344;38.14993667602539;34.86088562011719;43.17099380493164
18;42.41920852661133;42.66260528564453;42.34469223022461;42.22016143798828;41.697662353515625;42.74006271362305;39.52565002441406;44.008331298828125;43.43523406982422;43.075843811035156;43.518226623535156;37.98313903808594;34.87662124633789;43.18740463256836
19;42.80364227294922;43.00923538208008;42.71076583862305;42.598121643066406;42.08818817138672;43.09263229370117;39.7318115234375;44.25986862182617;43.673667907714844;43.44688034057617;43.587257385253906;38.08092498779297;35.10395812988281;43.54996109008789
20;42.87752151489258;43.113914489746094;42.8150749206543;42.68296813964844;42.1792106628418;43.219154357910156;39.73649215698242;44.28034210205078;43.68758010864258;43.5615234375;43.54857635498047;38.14330291748047;35.135738372802734;43.654510498046875
21;43.28741455078125;43.531005859375;43.21684265136719;43.068214416503906;42.6219482421875;43.58729553222656;39.88762283325195;44.56163024902344;43.95590591430664;43.970726013183594;43.62516784667969;38.1654052734375;35.40412521362305;44.05184555053711
22;43.33610534667969;43.56441879272461;43.22076416015625;43.06487274169922;42.627445220947266;43.64194869995117;39.96529006958008;44.585838317871094;43.980690002441406;43.99705505371094;43.72138977050781;38.33705139160156;35.3725471496582;44.06568908691406
23;43.415008544921875;43.6370964050293;43.28590774536133;43.115318298339844;42.71543502807617;43.664756774902344;40.08493423461914;44.647560119628906;44.02391815185547;44.05537414550781;43.937625885009766;38.511043548583984;35.342227935791016;44.11925506591797
24;43.25273895263672;43.51541519165039;43.14816665649414;42.978172302246094;42.54719924926758;43.56117248535156;39.99419021606445;44.534934997558594;43.87234878540039;43.914794921875;43.91259765625;38.5414924621582;35.154502868652344;43.98244857788086
25;43.36812973022461;43.65226364135742;43.215579986572266;43.06731033325195;42.64887619018555;43.66437530517578;40.22601318359375;44.65373611450195;43.968509674072266;44.00652313232422;44.20013427734375;39.06361389160156;35.10870361328125;44.06571960449219
26;43.508399963378906;43.81580352783203;43.358558654785156;43.200477600097656;42.79573059082031;43.79683303833008;40.27897262573242;44.74546813964844;44.050933837890625;44.153160095214844;44.263206481933594;39.109771728515625;35.13180923461914;44.20497131347656
27;43.44093322753906;43.76936721801758;43.3011360168457;43.10281753540039;42.777244567871094;43.70869827270508;40.3447265625;44.71259689331055;44.00137710571289;44.11088562011719;44.406246185302734;39.512481689453125;35.0602912902832;44.15651321411133
28;43.082576751708984;43.42206573486328;42.92500305175781;42.74116516113281;42.377620697021484;43.38187789916992;40.080814361572266;44.41075897216797;43.672245025634766;43.73664855957031;44.316585540771484;39.73881149291992;34.66151809692383;43.785640716552734
29;43.09370422363281;43.44630813598633;42.94374084472656;42.7424430847168;42.38734436035156;43.406429290771484;40.080421447753906;44.37217712402344;43.63832473754883;43.74958419799805;44.32635498046875;39.937076568603516;34.5380744934082;43.791099548339844
30;43.267215728759766;43.65146255493164;43.106544494628906;42.89752960205078;42.53704833984375;43.608760833740234;40.19715118408203;44.4913215637207;43.70390701293945;43.9200439453125;44.50965118408203;40.2792854309082;34.611942291259766;43.94579315185547
31;43.054317474365234;43.382232666015625;42.87261199951172;42.69395065307617;42.32218551635742;43.35255813598633;40.16038513183594;44.39313507080078;43.621620178222656;43.6813850402832;44.585933685302734;40.61203384399414;34.411224365234375;43.72203826904297
32;43.10407257080078;43.462806701660156;42.940345764160156;42.7390022277832;42.39212417602539;43.42319869995117;40.28745651245117;44.44683074951172;43.65214157104492;43.74784469604492;44.799564361572266;41.069725036621094;34.42054748535156;43.785152435302734
33;43.198158264160156;43.5820198059082;43.03278350830078;42.83209991455078;42.493743896484375;43.51081848144531;40.33760452270508;44.47698974609375;43.683834075927734;43.844757080078125;44.89963912963867;41.2458610534668;34.37060546875;43.87303924560547
34;43.16815185546875;43.57351303100586;42.983585357666016;42.776798248291016;42.4607048034668;43.466922760009766;40.231361389160156;44.4019775390625;43.592742919921875;43.811805725097656;44.816524505615234;41.22541427612305;34.26018524169922;43.83066177368164
35;43.53337860107422;43.90795135498047;43.35753631591797;43.146854400634766;42.8251838684082;43.811771392822266;40.55130386352539;44.713462829589844;43.921730041503906;44.15816116333008;45.058509826660156;41.342254638671875;34.5989990234375;44.17799758911133
36;43.839534759521484;44.22206115722656;43.658714294433594;43.46210861206055;43.12390899658203;44.137420654296875;40.75171661376953;45.00345993041992;44.20072555541992;44.467437744140625;45.118717193603516;41.15574645996094;34.94882583618164;44.48748016357422
37;44.2674560546875;44.60390090942383;44.1042366027832;43.92495346069336;43.5319938659668;44.537437438964844;41.07965850830078;45.37623977661133;44.60378646850586;44.864566802978516;45.32682800292969;41.06764602661133;35.338539123535156;44.88957214355469
38;44.271053314208984;44.655731201171875;44.10761642456055;43.90544509887695;43.578948974609375;44.54729461669922;40.948455810546875;45.31159973144531;44.526187896728516;44.905784606933594;45.12650680541992;40.6287956237793;35.360897064208984;44.922088623046875
39;44.44833755493164;44.79612731933594;44.293025970458984;44.098182678222656;43.729183197021484;44.71724319458008;41.23681640625;45.540382385253906;44.773990631103516;45.0538330078125;45.41682815551758;41.052001953125;35.533084869384766;45.079010009765625
40;44.37508773803711;44.76885223388672;44.23683547973633;44.03308868408203;43.6823844909668;44.682708740234375;41.21992492675781;45.502437591552734;44.7130241394043;45.00922393798828;45.51888656616211;41.45403289794922;35.40281677246094;45.0317268371582
41;44.51155090332031;44.88745880126953;44.347599029541016;44.14351272583008;43.79811477661133;44.75800323486328;41.12643051147461;45.49433135986328;44.69915771484375;45.11415100097656;45.212745666503906;40.78084945678711;35.463356018066406;45.12767028808594
42;44.74168014526367;45.120914459228516;44.59505844116211;44.40873718261719;44.00469970703125;45.02833938598633;41.27057647705078;45.6926155090332;44.92543411254883;45.34225082397461;45.249122619628906;40.62549591064453;35.68299102783203;45.359771728515625
43;44.91292190551758;45.28723907470703;44.762733459472656;44.571556091308594;44.20402908325195;45.1679573059082;41.48236083984375;45.87813949584961;45.130428314208984;45.516963958740234;45.459571838378906;40.855106353759766;35.894500732421875;45.53483200073242
44;45.136260986328125;45.48566436767578;44.99383544921875;44.812538146972656;44.41973114013672;45.381568908691406;41.62648391723633;46.060264587402344;45.30288314819336;45.72748947143555;45.504112243652344;40.65837097167969;36.1131477355957;45.748538970947266
45;45.09604263305664;45.483272552490234;44.965450286865234;44.76566696166992;44.389808654785156;45.38642501831055;41.57103729248047;46.02643966674805;45.28208923339844;45.714500427246094;45.44087600708008;40.59596252441406;36.163963317871094;45.734188079833984
46;45.20143127441406;45.576515197753906;45.077301025390625;44.87820816040039;44.50067138671875;45.46306228637695;41.60033416748047;46.09119415283203;45.3549690246582;45.815250396728516;45.34180450439453;40.292049407958984;36.307884216308594;45.836883544921875
47;45.53253936767578;45.88909912109375;45.42000198364258;45.250057220458984;44.8255500793457;45.772403717041016;41.8321647644043;46.40699005126953;45.69212341308594;46.1282958984375;45.485294342041016;40.26393508911133;36.549068450927734;46.15349197387695
48;45.744747161865234;46.101043701171875;45.61914825439453;45.458919525146484;45.03990936279297;45.97438049316406;41.89405822753906;46.55924987792969;45.88105392456055;46.33793258666992;45.43865203857422;40.117958068847656;36.75474548339844;46.359195709228516
49;45.698585510253906;46.031856536865234;45.57749938964844;45.39799499511719;44.96787643432617;45.95539474487305;41.74765396118164;46.47815704345703;45.825050354003906;46.28913497924805;45.20036315917969;39.912315368652344;36.82880401611328;46.3082275390625
50;45.719757080078125;46.04360580444336;45.603878021240234;45.43076705932617;44.98245620727539;45.98593521118164;41.65287780761719;46.47941589355469;45.844970703125;46.31114196777344;45.02372741699219;39.72240447998047;36.93952941894531;46.333980560302734
51;45.746673583984375;46.070594787597656;45.60871505737305;45.437652587890625;44.997188568115234;45.98593521118164;41.60654067993164;46.45001983642578;45.8023567199707;46.31928634643555;44.830909729003906;39.62819290161133;36.86854553222656;46.33344268798828
52;45.89590835571289;46.241905212402344;45.765228271484375;45.571685791015625;45.163124084472656;46.129947662353516;41.82759094238281;46.612213134765625;45.96088790893555;46.47226333618164;45.14986801147461;39.984947204589844;36.92568588256836;46.481910705566406
53;45.80948257446289;46.16279983520508;45.701316833496094;45.52887725830078;45.092472076416016;46.0844612121582;41.85769271850586;46.58424377441406;45.931312561035156;46.41278076171875;45.287689208984375;39.97872543334961;36.942344665527344;46.434326171875
54;45.7849235534668;46.167274475097656;45.666282653808594;45.482933044433594;45.06464767456055;46.0604248046875;41.81489181518555;46.522216796875;45.857547760009766;46.38896179199219;45.109310150146484;39.90087127685547;36.86189270019531;46.40398025512695
55;45.856117248535156;46.22637176513672;45.7433967590332;45.5595703125;45.147918701171875;46.1224479675293;41.93758773803711;46.626991271972656;45.959739685058594;46.46574783325195;45.355247497558594;40.050479888916016;37.00300598144531;46.48488235473633
56;45.735870361328125;46.076255798339844;45.60715866088867;45.44123458862305;45.01763153076172;45.96567916870117;41.879573822021484;46.514305114746094;45.85311508178711;46.323883056640625;45.37638473510742;40.02006149291992;36.95052719116211;46.348243713378906
57;45.757102966308594;46.05089569091797;45.63782501220703;45.48194122314453;45.00497817993164;45.99496078491211;41.97968292236328;46.54747009277344;45.908531188964844;46.31945037841797;45.56423568725586;40.10432052612305;37.01491165161133;46.35586166381836
58;45.534183502197266;45.8280029296875;45.41450881958008;45.26245880126953;44.79805374145508;45.76249694824219;41.72757339477539;46.339439392089844;45.70899963378906;46.110618591308594;45.317840576171875;39.79009246826172;36.95683288574219;46.1512336730957
59;45.59703063964844;45.88776779174805;45.4963493347168;45.3401985168457;44.85725784301758;45.875728607177734;41.868003845214844;46.424930572509766;45.799041748046875;46.186119079589844;45.389930725097656;39.863243103027344;37.09198760986328;46.22901153564453
60;45.72005081176758;46.023406982421875;45.640220642089844;45.47453308105469;44.9835205078125;45.995697021484375;41.934532165527344;46.528709411621094;45.88025665283203;46.308834075927734;45.44240188598633;39.960540771484375;37.086299896240234;46.34906005859375
61;45.60789489746094;45.911766052246094;45.52657699584961;45.36663818359375;44.89255905151367;45.89447784423828;41.801605224609375;46.41883087158203;45.77605438232422;46.22325897216797;45.21371078491211;39.68597412109375;37.09933090209961;46.263275146484375
62;45.31727600097656;45.62977600097656;45.25871658325195;45.085227966308594;44.6406135559082;45.611083984375;41.60791015625;46.176734924316406;45.54429244995117;45.965972900390625;45.12572479248047;39.5444221496582;37.00486373901367;46.01146697998047
63;45.17955017089844;45.437103271484375;45.11906433105469;44.96043014526367;44.500328063964844;45.40462875366211;41.54169845581055;46.07332992553711;45.44647979736328;45.79791259765625;45.11647033691406;39.479393005371094;36.88620376586914;45.853981018066406
64;44.98379898071289;45.25126266479492;44.93049240112305;44.77374267578125;44.28620147705078;45.27687072753906;41.34992980957031;45.897701263427734;45.2626953125;45.62092971801758;44.88334655761719;39.24763107299805;36.81642150878906;45.68001937866211
65;45.026458740234375;45.28717803955078;44.949642181396484;44.792076110839844;44.33302307128906;45.26972198486328;41.38865661621094;45.892154693603516;45.26790237426758;45.64838409423828;44.93242645263672;39.358821868896484;36.75886535644531;45.70117950439453
66;44.9193229675293;45.15039825439453;44.823238372802734;44.68199157714844;44.20100402832031;45.17606735229492;41.275821685791016;45.77877426147461;45.163204193115234;45.533714294433594;44.77784729003906;39.152740478515625;36.70180892944336;45.583457946777344
67;44.6124382019043;44.82748794555664;44.524330139160156;44.35654830932617;43.908992767333984;44.858177185058594;40.95658493041992;45.51216125488281;44.89789581298828;45.2412109375;44.43461990356445;38.815887451171875;36.60495376586914;45.29292297363281
68;44.38576126098633;44.60115432739258;44.328678131103516;44.1678352355957;43.71262741088867;44.66188049316406;40.80580520629883;45.35117721557617;44.74814987182617;45.04764938354492;44.351173400878906;38.65754699707031;36.49444580078125;45.109397888183594
69;43.995792388916016;44.18367004394531;43.952491760253906;43.78895950317383;43.323570251464844;44.288475036621094;40.58959197998047;45.05115509033203;44.46736145019531;44.670372009277344;44.255775451660156;38.50801086425781;36.267398834228516;44.742408752441406
70;43.955238342285156;44.06159973144531;43.87070083618164;43.72659683227539;43.235313415527344;44.22420883178711;40.540618896484375;44.99473571777344;44.42672348022461;44.58143615722656;44.26291275024414;38.47115707397461;36.23141098022461;44.65467834472656
71;43.594844818115234;43.741859436035156;43.530487060546875;43.394351959228516;42.91815185546875;43.828941345214844;40.22986602783203;44.67695999145508;44.140480041503906;44.24504470825195;43.93976974487305;38.150428771972656;36.02138137817383;44.32802200317383
72;43.17253494262695;43.357269287109375;43.13578414916992;42.99642562866211;42.49214172363281;43.43454360961914;39.842559814453125;44.301025390625;43.784881591796875;43.83183288574219;43.52202224731445;37.757286071777344;35.742496490478516;43.92316436767578
73;43.272010803222656;43.46117401123047;43.221031188964844;43.080440521240234;42.6063232421875;43.5638427734375;39.99489974975586;44.44438171386719;43.90177536010742;43.95566940307617;43.7105712890625;37.98298645019531;35.801902770996094;44.04071807861328
74;42.93059539794922;43.12385177612305;42.878597259521484;42.73509979248047;42.25856399536133;43.20696258544922;39.5708122253418;44.070831298828125;43.58074188232422;43.612003326416016;43.23244857788086;37.53585433959961;35.56034851074219;43.69680404663086
75;42.33607864379883;42.64730453491211;42.29515838623047;42.1786003112793;41.68134689331055;42.61225509643555;39.1099739074707;43.5741081237793;43.087547302246094;43.04685974121094;42.76481628417969;37.10955047607422;35.232200622558594;43.140350341796875
76;42.22716522216797;42.552982330322266;42.18268585205078;42.08673858642578;41.5832633972168;42.53020095825195;39.023799896240234;43.45964813232422;42.9891471862793;42.958839416503906;42.62092208862305;37.045677185058594;35.10364532470703;43.04996109008789
77;42.0280876159668;42.34874725341797;41.97118377685547;41.8669319152832;41.366336822509766;42.321956634521484;38.7740592956543;43.252628326416016;42.783504486083984;42.748600006103516;42.32887268066406;36.7943000793457;34.98529052734375;42.83879089355469
78;41.47138595581055;41.889503479003906;41.434207916259766;41.3606071472168;40.80967330932617;41.8337516784668;38.22563552856445;42.74605941772461;42.296173095703125;42.23564147949219;41.74036407470703;36.184288024902344;34.671661376953125;42.3267822265625
79;41.02308654785156;41.48953628540039;40.98525619506836;40.9300651550293;40.39010238647461;41.32213592529297;37.94612121582031;42.40243911743164;41.98634338378906;41.818145751953125;41.519168853759766;36.04290771484375;34.36518478393555;41.886505126953125
80;41.11199188232422;41.57292556762695;41.062477111816406;41.03102111816406;40.491825103759766;41.45874786376953;37.965938568115234;42.464927673339844;42.038291931152344;41.908687591552734;41.49154281616211;36.06612014770508;34.463809967041016;41.99910354614258
81;41.00582504272461;41.48899459838867;40.95978546142578;40.9333610534668;40.37964630126953;41.386138916015625;37.94789123535156;42.40195083618164;41.96174621582031;41.82754135131836;41.496788024902344;36.104496002197266;34.323856353759766;41.907615661621094
82;40.56208038330078;41.11140823364258;40.545902252197266;40.47981262207031;39.93263244628906;40.91743469238281;37.523399353027344;41.99039840698242;41.549583435058594;41.52568435668945;41.09597396850586;35.779361724853516;34.03793716430664;41.46027374267578
83;40.17953109741211;40.80437469482422;40.25859832763672;40.15965270996094;39.553672790527344;40.64314651489258;37.17772674560547;41.66582107543945;41.25323486328125;41.2378044128418;40.728633880615234;35.466548919677734;33.80646514892578;41.110328674316406
84;39.98775863647461;40.58900451660156;40.06056594848633;39.92601776123047;39.3422966003418;40.39357376098633;36.96505355834961;41.42475128173828;41.057579040527344;41.03529739379883;40.47305679321289;35.1655387878418;33.61887741088867;40.86505126953125
85;39.361976623535156;40.127044677734375;39.6722412109375;39.54344177246094;38.7495002746582;40.029273986816406;36.34923553466797;40.85622787475586;40.4964599609375;40.70634078979492;39.79433822631836;34.5028190612793;33.243995666503906;40.33637619018555
86;39.44703674316406;40.16582489013672;39.709693908691406;39.571861267089844;38.85609436035156;40.07816696166992;36.322914123535156;40.92125701904297;40.55799102783203;40.72572326660156;39.76512145996094;34.4466552734375;33.29346466064453;40.4096565246582
87;39.18458938598633;39.938228607177734;39.49785614013672;39.33827590942383;38.59322738647461;39.83567810058594;36.06966781616211;40.70295715332031;40.326297760009766;40.521514892578125;39.472408294677734;34.18094253540039;33.13397979736328;40.151756286621094
88;39.37023162841797;40.06058120727539;39.605613708496094;39.45835494995117;38.77140808105469;39.95496368408203;36.29019546508789;40.903663635253906;40.502044677734375;40.63009262084961;39.754608154296875;34.48224639892578;33.21987533569336;40.33216857910156
89;38.608734130859375;39.52273941040039;39.178096771240234;38.97223663330078;38.045963287353516;39.509925842285156;35.690650939941406;40.27829360961914;39.874664306640625;40.191776275634766;39.13700485229492;33.954978942871094;32.76742172241211;39.728965759277344
90;38.413291931152344;39.38800048828125;39.042964935302734;38.840087890625;37.85072326660156;39.349483489990234;35.54083251953125;40.133155822753906;39.71261978149414;40.064598083496094;39.02115249633789;33.89316940307617;32.581295013427734;39.580902099609375
91;38.452293395996094;39.368133544921875;39.0305290222168;38.827964782714844;37.87628936767578;39.308021545410156;35.450130462646484;40.11226272583008;39.69447708129883;40.04334259033203;38.89054870605469;33.729591369628906;32.59975051879883;39.562950134277344
92;38.424591064453125;39.36269760131836;39.022029876708984;38.79820251464844;37.86367416381836;39.32528305053711;35.3864860534668;40.06063461303711;39.644004821777344;40.04200744628906;38.74162673950195;33.553768157958984;32.649471282958984;39.55434036254883
93;38.440711975097656;39.3419303894043;39.005828857421875;38.76504898071289;37.88371658325195;39.31578063964844;35.34778594970703;40.07475280761719;39.64021682739258;40.03205490112305;38.758583068847656;33.626991271972656;32.594017028808594;39.527610778808594
94;37.995479583740234;39.09312438964844;38.763389587402344;38.54518508911133;37.49848937988281;39.045074462890625;34.889808654785156;39.68916320800781;39.23141098022461;39.79335021972656;38.3174934387207;33.14037322998047;32.28483200073242;39.2872314453125
95;37.90549087524414;38.991905212402344;38.69418716430664;38.477142333984375;37.42234802246094;38.961891174316406;34.741458892822266;39.59407424926758;39.10487365722656;39.699256896972656;38.101341247558594;32.99684143066406;32.20915603637695;39.18864059448242
96;37.953243255615234;39.02888488769531;38.7053108215332;38.48100662231445;37.43946838378906;38.95069885253906;34.718624114990234;39.5969352722168;39.13358688354492;39.7326545715332;38.06390380859375;32.903987884521484;32.2569694519043;39.2238883972168
97;37.940452575683594;39.01151657104492;38.68666076660156;38.4632682800293;37.429237365722656;38.964019775390625;34.67201614379883;39.564701080322266;39.114437103271484;39.71797180175781;38.014183044433594;32.89643478393555;32.22090530395508;39.202606201171875
98;38.04033279418945;39.064788818359375;38.74801254272461;38.517940521240234;37.496273040771484;39.03567886352539;34.7424201965332;39.61772918701172;39.19258117675781;39.765289306640625;38.05510711669922;32.960205078125;32.321327209472656;39.255516052246094
99;37.73374938964844;38.877662658691406;38.556480407714844;38.34166717529297;37.268741607666016;38.8532829284668;34.4937858581543;39.43647003173828;38.9169807434082;39.58940124511719;37.760257720947266;32.68054962158203;31.98453140258789;39.0699348449707
100;37.87844467163086;38.97499084472656;38.642295837402344;38.42104721069336;37.37709045410156;38.91306686401367;34.56418991088867;39.51192855834961;39.04214859008789;39.68130111694336;37.760807037353516;32.781639099121094;32.14471435546875;39.16584396362305
101;37.83708190917969;38.869041442871094;38.56260681152344;38.35512924194336;37.298831939697266;38.76271438598633;34.485958099365234;39.386112213134766;38.93254852294922;39.57382583618164;37.58494567871094;32.636688232421875;32.045684814453125;39.055419921875
102;38.0234375;38.990760803222656;38.6657829284668;38.44355010986328;37.4682502746582;38.948692321777344;34.57273483276367;39.586063385009766;39.16245651245117;39.69680404663086;37.810035705566406;32.86026382446289;32.180633544921875;39.18218994140625
103;37.94891357421875;38.97042465209961;38.64472961425781;38.42102813720703;37.4030647277832;38.88652801513672;0.0;39.496009826660156;39.0594367980957;39.68172073364258;37.645416259765625;32.69594192504883;32.175010681152344;39.160099029541016
104;38.033653259277344;39.01709747314453;38.679969787597656;38.47576904296875;37.45822525024414;38.93944549560547;;39.55979537963867;39.13920593261719;39.716697692871094;37.710784912109375;32.76066207885742;32.1474609375;39.20146560668945
105;37.73236846923828;38.77677917480469;38.43601608276367;38.22232437133789;37.168190002441406;38.68791961669922;;39.298683166503906;38.84407424926758;39.49401092529297;37.38996887207031;32.55070114135742;31.867460250854492;38.96400451660156
106;38.016448974609375;38.98400115966797;38.649017333984375;38.44155502319336;37.45233154296875;38.91887664794922;;39.53255844116211;39.12509536743164;39.68971252441406;37.57876205444336;32.76231384277344;32.112789154052734;39.169227600097656
107;37.987796783447266;38.90882110595703;38.588958740234375;38.37762451171875;37.418556213378906;38.83308792114258;;39.48591995239258;39.06585693359375;39.622798919677734;37.491180419921875;32.751800537109375;32.07613754272461;39.093833923339844
108;38.041107177734375;38.913516998291016;38.59410858154297;38.38523483276367;37.466617584228516;38.844444274902344;;39.54423141479492;39.10740661621094;39.61765670776367;37.559974670410156;32.780948638916016;32.098541259765625;39.09768295288086
109;38.12790298461914;38.91851043701172;38.59670639038086;38.39616775512695;37.51609420776367;38.84767532348633;;39.59230041503906;39.149715423583984;39.62623977661133;37.537410736083984;32.781715393066406;32.09184265136719;39.104190826416016
110;38.32138442993164;39.026939392089844;38.70378875732422;38.489830017089844;37.67216491699219;38.979591369628906;;39.66851043701172;39.262054443359375;39.73598098754883;37.561527252197266;32.91299819946289;32.21213150024414;39.211490631103516
111;38.268733978271484;38.96662521362305;38.650779724121094;38.460182189941406;37.634498596191406;38.86354064941406;;39.668025970458984;39.25320816040039;39.67385482788086;37.512413024902344;32.8883056640625;32.11219024658203;39.151756286621094
112;38.560726165771484;39.061302185058594;38.71137237548828;38.50959014892578;37.82905960083008;38.954620361328125;;39.898956298828125;39.462646484375;39.731868743896484;37.72193145751953;33.121028900146484;32.25282287597656;39.35072326660156
113;38.756561279296875;39.22349548339844;38.81990432739258;38.64265823364258;38.00029373168945;39.03982925415039;;40.06380844116211;39.6170539855957;39.84380340576172;37.97490692138672;33.27419662475586;32.338375091552734;39.51808166503906
114;38.79836654663086;39.24313735961914;38.85118103027344;38.679954528808594;38.044952392578125;39.047760009765625;;40.06625747680664;39.633705139160156;39.85969161987305;37.85736083984375;33.25490188598633;32.388492584228516;39.552162170410156
115;38.902984619140625;39.27334213256836;38.87965774536133;38.72615051269531;38.095367431640625;39.13750076293945;;40.158023834228516;39.71916580200195;39.897762298583984;38.04325485229492;33.37015151977539;32.340450286865234;39.593650817871094
116;39.12666702270508;39.41279983520508;38.98640823364258;38.874454498291016;38.28386306762695;39.247257232666016;;40.3150520324707;39.87541580200195;39.99751281738281;38.1514778137207;33.48338317871094;32.48051452636719;39.78142547607422
117;39.342559814453125;39.54158020019531;39.05950927734375;39.0565299987793;38.47467041015625;39.316810607910156;;40.507965087890625;40.06456756591797;40.03940963745117;38.279701232910156;33.680259704589844;32.663631439208984;39.97209930419922
118;39.40103530883789;39.54107666015625;39.071937561035156;39.07895278930664;38.485050201416016;39.3060188293457;;40.5511474609375;40.0911750793457;40.03677749633789;38.349674224853516;33.73088836669922;32.584068298339844;39.9858283996582
119;39.43217468261719;39.59085464477539;39.12784194946289;39.11985397338867;38.5400505065918;39.3743896484375;;40.583702087402344;40.14070129394531;40.09825897216797;38.42293930053711;33.725738525390625;32.72380065917969;40.012142181396484
120;39.90712356567383;39.89837646484375;39.49906539916992;39.52314758300781;38.8986930847168;39.757503509521484;;40.9929313659668;40.53860855102539;40.33021926879883;38.94346618652344;34.2166633605957;32.820003509521484;40.40241622924805
121;40.075103759765625;39.982852935791016;39.643802642822266;39.66645050048828;39.040069580078125;39.89863586425781;;41.122703552246094;40.670841217041016;40.47111511230469;38.99755096435547;34.3699836730957;32.87494659423828;40.54310989379883
122;40.165035247802734;40.11296463012695;39.749149322509766;39.77815246582031;39.15868377685547;39.96171188354492;;41.19884490966797;40.7486572265625;40.55024337768555;39.15097427368164;34.363555908203125;33.01942825317383;40.6307373046875
123;40.232295989990234;40.08877182006836;39.80634307861328;39.835426330566406;39.210968017578125;40.06482696533203;;41.2593879699707;40.79092788696289;40.59861373901367;39.200130462646484;34.446102142333984;33.00199890136719;40.67383575439453
124;40.62971878051758;40.40253829956055;40.15684127807617;40.18824768066406;39.5377197265625;40.387943267822266;;41.60458755493164;41.13829803466797;40.9549674987793;39.462886810302734;34.775115966796875;33.20264434814453;41.02702713012695
125;40.79958724975586;40.50481414794922;40.270084381103516;40.29804611206055;39.644630432128906;40.50751876831055;;41.75706100463867;41.295814514160156;41.080753326416016;39.65496063232422;34.93088150024414;33.28175735473633;41.15040969848633
126;40.90648651123047;40.59174346923828;40.38376998901367;40.41972351074219;39.76469802856445;40.616844177246094;;41.8394889831543;41.3714714050293;41.17654800415039;39.74485778808594;35.01594924926758;33.36207580566406;41.25074768066406
127;41.12209701538086;40.73943328857422;40.568397521972656;40.595542907714844;39.93442153930664;40.753570556640625;;42.03419876098633;41.55390167236328;41.36854553222656;39.902103424072266;35.20243835449219;33.494327545166016;41.435604095458984
128;41.04482650756836;40.673362731933594;40.500335693359375;40.54240798950195;39.87431335449219;40.71216583251953;;41.9839973449707;41.500301361083984;41.28108596801758;39.9494514465332;35.229644775390625;33.354347229003906;41.35658645629883
129;41.05546951293945;40.65424728393555;40.51077651977539;40.5526237487793;39.880836486816406;40.73517608642578;;42.024845123291016;41.5202751159668;41.27657699584961;40.03956604003906;35.33221435546875;33.3745002746582;41.35055160522461
130;41.31801223754883;40.860252380371094;40.745887756347656;40.782737731933594;40.11271286010742;40.98222732543945;;42.27436447143555;41.7790412902832;41.523075103759766;40.26313400268555;35.57941436767578;33.53543472290039;41.594482421875
131;41.55994415283203;41.05738830566406;40.935298919677734;40.9725227355957;40.29368209838867;41.153106689453125;;42.464691162109375;41.96765899658203;41.72642517089844;40.54920196533203;35.7940673828125;33.68830108642578;41.7972412109375
132;41.65407180786133;41.112159729003906;41.06937026977539;41.117156982421875;40.42205810546875;41.23910140991211;;42.584449768066406;42.09203338623047;41.82366943359375;40.57666015625;35.9189338684082;33.69902038574219;41.89741516113281
133;41.701419830322266;41.146236419677734;41.10947036743164;41.166954040527344;40.45649719238281;41.27047348022461;;42.64474868774414;42.14223098754883;41.84941101074219;40.72011184692383;36.05607986450195;33.642906188964844;41.93008804321289
134;41.88800048828125;41.300907135009766;41.29119873046875;41.34800338745117;40.62663650512695;41.434329986572266;;42.77943801879883;42.28721618652344;42.02871322631836;40.8376579284668;36.146018981933594;33.78594207763672;42.10673522949219
135;41.930274963378906;41.34172439575195;41.32832336425781;41.38685607910156;40.66623306274414;41.48808670043945;;42.83696365356445;42.34333419799805;42.06887435913086;40.94887924194336;36.25718307495117;33.83578109741211;42.1489372253418
136;42.116546630859375;41.500396728515625;41.51430892944336;41.57212829589844;40.84749984741211;41.674224853515625;;42.99870681762695;42.50095748901367;42.248374938964844;41.0562629699707;36.40935134887695;33.90605163574219;42.324344635009766
137;42.062625885009766;41.4345817565918;41.452857971191406;41.50995635986328;40.78021240234375;41.59079360961914;;43.005279541015625;42.4921875;42.19347381591797;41.0963249206543;36.49810028076172;33.84952926635742;42.268672943115234
138;42.26057434082031;41.63532638549805;41.65719223022461;41.709415435791016;40.979679107666016;41.795291900634766;;43.163665771484375;42.66522979736328;42.394317626953125;41.25089645385742;36.60978698730469;34.04667282104492;42.46607208251953
139;42.49102783203125;41.832767486572266;41.893699645996094;41.951011657714844;41.207496643066406;42.05628967285156;;43.38439178466797;42.875267028808594;42.61429214477539;41.4670295715332;36.88681411743164;34.13875198364258;42.68397521972656
140;42.22755432128906;41.5896110534668;41.635826110839844;41.688350677490234;40.95686340332031;41.786014556884766;;43.17642593383789;42.66643142700195;42.366580963134766;41.2469596862793;36.739810943603516;33.985206604003906;42.433414459228516
141;42.3727912902832;41.707435607910156;41.78303527832031;41.836158752441406;41.10239791870117;41.92406463623047;;43.269901275634766;42.749324798583984;42.50082778930664;41.34370040893555;36.771080017089844;34.08402633666992;42.56559753417969
142;42.45624542236328;41.789878845214844;41.859832763671875;41.91830062866211;41.166690826416016;41.963592529296875;;43.357261657714844;42.84292221069336;42.580230712890625;41.37179946899414;36.81312942504883;34.08285140991211;42.64986801147461
143;42.54777908325195;41.862186431884766;41.9428596496582;42.000274658203125;41.243629455566406;42.06135559082031;;43.45762252807617;42.93604278564453;42.6684455871582;41.437007904052734;36.92387390136719;34.119384765625;42.733341217041016
144;42.62278366088867;41.95859909057617;42.0358772277832;42.098243713378906;41.33897399902344;42.16862869262695;;43.561466217041016;43.04499816894531;42.748714447021484;41.65769958496094;37.15993118286133;34.151248931884766;42.81882095336914
145;42.43833541870117;41.76926040649414;41.874664306640625;41.9460334777832;41.184715270996094;41.962711334228516;;43.39197540283203;42.865455627441406;42.551483154296875;41.50823211669922;37.00664520263672;34.040626525878906;42.62815475463867
146;42.80380630493164;42.128822326660156;42.221805572509766;42.2875862121582;41.513954162597656;42.30420684814453;;43.736446380615234;43.207515716552734;42.9237174987793;41.819190979003906;37.30689239501953;34.28794479370117;42.994388580322266
147;42.87932205200195;42.18076705932617;42.306007385253906;42.3730354309082;41.591949462890625;42.39818572998047;;43.8323860168457;43.3007698059082;43.001319885253906;41.964622497558594;37.44103240966797;34.325767517089844;43.07112503051758
148;42.96783447265625;42.2820930480957;42.39083480834961;42.46001052856445;41.66761779785156;42.504554748535156;;43.98011779785156;43.43037033081055;43.09046173095703;42.21483612060547;37.76056671142578;34.33474349975586;43.16368103027344
149;42.809906005859375;42.11147689819336;42.23112869262695;42.30059814453125;41.52234649658203;42.33170700073242;;43.78764724731445;43.24400329589844;42.92687225341797;42.01264190673828;37.478729248046875;34.24995803833008;43.00337219238281
150;42.794532775878906;42.10692596435547;42.223548889160156;42.29645919799805;41.52451705932617;42.372283935546875;;43.79544448852539;43.263092041015625;42.9051513671875;42.051143646240234;37.55067443847656;34.29432678222656;42.98523712158203
151;42.81990432739258;42.1222038269043;42.23239517211914;42.30128479003906;41.51949691772461;42.36585235595703;;43.88163757324219;43.34883499145508;42.94029998779297;42.24657440185547;37.809627532958984;34.25031280517578;43.0165901184082
152;43.08530044555664;42.40232467651367;42.4999885559082;42.56882095336914;41.77582550048828;42.582603454589844;;44.12107849121094;43.570255279541016;43.20402908325195;42.49217224121094;38.05937957763672;34.37516784667969;43.27870559692383
153;42.99898147583008;42.32959747314453;42.44243621826172;42.51617431640625;41.7177619934082;42.52002716064453;;44.043426513671875;43.493709564208984;43.11759567260742;42.35090255737305;37.892799377441406;34.32760238647461;43.19430160522461
154;43.03580093383789;42.344844818115234;42.46615982055664;42.52741622924805;41.75389099121094;42.6512451171875;;44.09239196777344;43.53145217895508;43.179874420166016;42.40143585205078;37.96115493774414;34.43321990966797;43.24722671508789
155;43.08120346069336;42.412967681884766;42.50386428833008;42.56939697265625;41.76985168457031;42.64208221435547;;44.13153839111328;43.58816909790039;43.21876907348633;42.457550048828125;38.02193069458008;34.39192199707031;43.29029846191406
156;42.98033142089844;42.30223083496094;42.42333984375;42.49248504638672;41.698177337646484;42.533653259277344;;44.069549560546875;43.509857177734375;43.1118049621582;42.39999008178711;38.04740524291992;34.31633377075195;43.183502197265625
157;42.985557556152344;42.30162048339844;42.428985595703125;42.502464294433594;41.70765686035156;42.5521354675293;;44.077144622802734;43.523128509521484;43.11174392700195;42.376949310302734;38.00642776489258;34.33500671386719;43.188385009765625
158;43.0240592956543;42.37346649169922;42.47405242919922;42.55543899536133;41.75477981567383;42.56446075439453;;44.06618881225586;43.51601028442383;43.12660217285156;42.455116271972656;38.003536224365234;34.35365295410156;43.210304260253906
159;43.0921516418457;42.41327667236328;42.54655456542969;42.62069320678711;41.82540512084961;42.64810562133789;;44.19174575805664;43.639286041259766;43.211795806884766;42.61640167236328;38.24475860595703;34.438804626464844;43.286617279052734
160;43.207855224609375;42.53400802612305;42.65071105957031;42.72399139404297;41.92673873901367;42.80983352661133;;44.32938766479492;43.78277587890625;43.33831787109375;42.77119827270508;38.38444519042969;34.50159454345703;43.416419982910156
161;43.33171463012695;42.667701721191406;42.78225326538086;42.861122131347656;42.0526008605957;42.886573791503906;;44.46769714355469;43.91340637207031;43.455116271972656;43.039161682128906;38.59596252441406;34.55006790161133;43.53852844238281
162;43.523353576660156;42.92965316772461;42.94798278808594;43.012874603271484;42.209468841552734;43.065147399902344;;44.56715393066406;44.02989196777344;43.659088134765625;43.02198791503906;38.645565032958984;34.72556686401367;43.72921371459961
163;43.81600570678711;43.25128173828125;43.26678466796875;43.33469009399414;42.53255844116211;43.42820358276367;;44.820194244384766;44.27648162841797;43.959285736083984;43.32073974609375;38.906864166259766;34.90628433227539;44.0234489440918
164;43.74415588378906;43.15442657470703;43.21184158325195;43.287357330322266;42.471595764160156;43.357078552246094;;44.76547622680664;44.22431945800781;43.8795280456543;43.224735260009766;38.784027099609375;34.88230895996094;43.95172882080078
165;43.836849212646484;43.21380615234375;43.28271484375;43.35040283203125;42.52949905395508;43.472782135009766;;44.85441589355469;44.32524490356445;43.97944259643555;43.33573913574219;38.900245666503906;34.952110290527344;44.04864501953125
166;44.12071990966797;43.5457649230957;43.56861114501953;43.63239669799805;42.81732177734375;43.726016998291016;;45.03190612792969;44.51460266113281;44.26512908935547;43.456947326660156;38.9810791015625;35.18254852294922;44.326072692871094
167;44.29413604736328;43.78337097167969;43.747989654541016;43.805084228515625;42.994903564453125;43.94157028198242;;45.186580657958984;44.63841247558594;44.464019775390625;43.57399368286133;39.124786376953125;35.2863883972168;44.51490020751953
168;44.362510681152344;43.83390808105469;43.809104919433594;43.86650848388672;43.050193786621094;43.984012603759766;;45.276153564453125;44.733646392822266;44.52366256713867;43.69135284423828;39.277809143066406;35.308021545410156;44.57665252685547
169;44.11702346801758;43.54485321044922;43.55675506591797;43.619380950927734;42.80006408691406;43.73485565185547;;45.171810150146484;44.60383605957031;44.281585693359375;43.75975036621094;39.2932014465332;35.10361862182617;44.343990325927734
170;43.987308502197266;43.398345947265625;43.450828552246094;43.51808166503906;42.69738006591797;43.632110595703125;;45.118804931640625;44.56879806518555;44.15145492553711;43.750484466552734;39.33578109741211;35.035316467285156;44.222412109375
171;43.794742584228516;43.18202209472656;43.25690841674805;43.32794189453125;42.51206970214844;43.36079406738281;;44.894020080566406;44.34762954711914;43.9401741027832;43.43232345581055;39.0185546875;34.92849349975586;44.01072311401367
172;44.07432174682617;43.46285629272461;43.51950454711914;43.580631256103516;42.7608757019043;43.64720153808594;;45.06064987182617;44.533538818359375;44.223087310791016;43.44701385498047;39.0166130065918;35.13988494873047;44.28125
173;44.30420684814453;43.74143981933594;43.76103973388672;43.82054138183594;42.99174880981445;43.911216735839844;;45.18996047973633;44.68197250366211;44.46488571166992;43.455020904541016;38.99761962890625;35.331993103027344;44.52198028564453
174;44.22547149658203;43.703102111816406;43.69356155395508;43.75324630737305;42.933509826660156;43.84098815917969;;45.11205291748047;44.59166717529297;44.396644592285156;43.37504577636719;38.98432159423828;35.26526641845703;44.4510383605957
175;44.684112548828125;44.23683166503906;44.15235900878906;44.19822311401367;43.3821907043457;44.399532318115234;;45.49314880371094;44.98368453979492;44.89131164550781;43.61792755126953;39.25157165527344;35.58249282836914;44.93021011352539
176;44.632598876953125;44.130706787109375;44.09827423095703;44.14503860473633;43.320491790771484;44.350223541259766;;45.3857421875;44.88965606689453;44.82851791381836;43.28688049316406;38.84754943847656;35.56899642944336;44.86782455444336
177;44.54410934448242;44.0145149230957;44.004886627197266;44.06101608276367;43.222469329833984;44.214111328125;;45.271785736083984;44.809078216552734;44.72649383544922;43.185997009277344;38.73694610595703;35.478816986083984;44.77379608154297
178;44.42375183105469;43.894840240478516;43.88387680053711;43.939109802246094;43.10988998413086;44.07596206665039;;45.1423454284668;44.68968963623047;44.60615539550781;43.039222717285156;38.62750244140625;35.41232681274414;44.654571533203125
179;44.75530242919922;44.221195220947266;44.2225456237793;44.27442932128906;43.43518829345703;44.41485595703125;;45.440059661865234;44.99126434326172;44.94093704223633;43.2796630859375;38.79602813720703;35.7039680480957;44.98379898071289
180;44.82830047607422;44.31897735595703;44.28000259399414;44.33194351196289;43.484642028808594;44.45549392700195;;45.56620407104492;45.10969543457031;45.01102066040039;43.3840217590332;38.98863220214844;35.69342041015625;45.05432891845703
181;44.995872497558594;44.481876373291016;44.430992126464844;44.47663116455078;43.64254379272461;44.61909866333008;;45.66722869873047;45.21302795410156;45.163238525390625;43.546913146972656;39.119956970214844;35.82294464111328;45.206363677978516
182;45.017215728759766;44.53374099731445;44.46491622924805;44.50978469848633;43.67788314819336;44.69450759887695;;45.63499069213867;45.200809478759766;45.194122314453125;43.32321548461914;38.953060150146484;35.89068603515625;45.23032760620117
183;45.027278900146484;44.50783157348633;44.47282028198242;44.522056579589844;43.67544174194336;44.64153289794922;;45.58526611328125;45.16243362426758;45.188819885253906;43.16543197631836;38.88241958618164;35.91069030761719;45.22676086425781
184;44.76935577392578;44.22922897338867;44.2054557800293;44.25293731689453;43.42213439941406;44.45442199707031;;45.32743835449219;44.913055419921875;44.937828063964844;42.854461669921875;38.65424728393555;35.67776107788086;44.97460174560547
185;45.04608917236328;44.553260803222656;44.4801139831543;44.51967239379883;43.678070068359375;44.71122360229492;;45.601463317871094;45.19812774658203;45.221885681152344;43.18239212036133;38.896812438964844;35.86646270751953;45.25703430175781
186;45.0546760559082;44.587974548339844;44.484222412109375;44.51251983642578;43.6917724609375;44.74437713623047;;45.53296661376953;45.122161865234375;45.24439239501953;42.8045539855957;38.77980422973633;35.94927215576172;45.261314392089844
187;44.76231002807617;44.23842239379883;44.17684555053711;44.22071838378906;43.390525817871094;44.38471603393555;;45.225990295410156;44.84941864013672;44.91545867919922;42.5713005065918;38.582176208496094;35.692100524902344;44.949981689453125
188;44.873809814453125;44.3655891418457;44.29137420654297;44.332435607910156;43.50095748901367;44.48891830444336;;45.30696105957031;44.92756271362305;45.03207778930664;42.61690139770508;38.600494384765625;35.76559829711914;45.06111526489258
189;44.875885009765625;44.368629455566406;44.29400634765625;44.338722229003906;43.507415771484375;44.52874755859375;;45.30196762084961;44.927310943603516;45.02461242675781;42.7387809753418;38.591392517089844;35.770751953125;45.05910110473633
190;45.12058639526367;44.625823974609375;44.51261901855469;44.54440689086914;43.721866607666016;44.7232551574707;;45.53952407836914;45.153804779052734;45.276145935058594;42.91630554199219;38.85189437866211;35.93021011352539;45.29934310913086
191;44.689476013183594;44.169349670410156;44.082454681396484;44.10026550292969;43.29325866699219;44.37800598144531;;45.09711456298828;44.72749710083008;44.84953308105469;42.28362274169922;38.340938568115234;35.70010757446289;44.87118148803711
192;44.79667282104492;44.26004409790039;44.19140625;44.2182731628418;43.415924072265625;44.40500259399414;;45.2231559753418;44.84506607055664;44.95358657836914;42.59750747680664;38.58181381225586;35.767154693603516;44.9764289855957
193;45.00647735595703;44.5040397644043;44.3776969909668;44.39702606201172;43.599483489990234;44.606292724609375;;45.38055419921875;44.99861526489258;45.156227111816406;42.748146057128906;38.65018081665039;35.887779235839844;45.17335891723633
194;44.96026611328125;44.444976806640625;44.33430480957031;44.35988998413086;43.561378479003906;44.592437744140625;;45.31389236450195;44.949317932128906;45.10504150390625;42.71491622924805;38.62791061401367;35.86366271972656;45.12591552734375
195;45.09621810913086;44.60245132446289;44.46010208129883;44.48257064819336;43.68752670288086;44.712947845458984;;45.49713134765625;45.0879020690918;45.23876190185547;43.103023529052734;38.756263732910156;35.947425842285156;45.26346969604492
196;45.173240661621094;44.70774459838867;44.53707504272461;44.5654411315918;43.779273986816406;44.743865966796875;;45.58583450317383;45.17253875732422;45.305564880371094;43.3310432434082;38.95731735229492;35.99943542480469;45.3312873840332
197;45.192352294921875;44.73878479003906;44.55186462402344;44.57567596435547;43.80524444580078;44.809669494628906;;45.653472900390625;45.207096099853516;45.329185485839844;43.63494110107422;39.28458023071289;36.026283264160156;45.356693267822266
198;44.9288215637207;44.43162536621094;44.27105712890625;44.28944396972656;43.53580093383789;44.59488296508789;;45.475345611572266;45.01192092895508;45.068016052246094;43.722904205322266;39.3327751159668;35.83052062988281;45.09743118286133
199;44.842369079589844;44.3238639831543;44.18754577636719;44.2240104675293;43.46092987060547;44.46882629394531;;45.408782958984375;44.95791244506836;44.958980560302734;43.73075866699219;39.276283264160156;35.74403762817383;45.002098083496094
200;44.99330139160156;44.516605377197266;44.32529067993164;44.33689498901367;43.59018325805664;44.6724967956543;;45.54953384399414;45.08381652832031;45.134620666503906;43.922149658203125;39.49699020385742;35.89597702026367;45.16783142089844
201;44.78023910522461;44.305641174316406;44.106746673583984;44.12563705444336;43.38016891479492;44.45768737792969;;45.36427688598633;44.876808166503906;44.92061233520508;43.7960090637207;39.37901306152344;35.710113525390625;44.953121185302734
202;44.94779586791992;44.50684356689453;44.28439712524414;44.295047760009766;43.557640075683594;44.64301681518555;;45.51715087890625;44.997344970703125;45.09331130981445;43.9003791809082;39.438846588134766;35.89568328857422;45.12639236450195
203;44.47475051879883;44.01035690307617;43.84039306640625;43.870052337646484;43.137481689453125;44.137603759765625;;45.093021392822266;44.60512161254883;44.62255859375;43.690086364746094;39.18470001220703;35.62146759033203;44.671268463134766
204;44.252716064453125;43.74001693725586;43.61115646362305;43.639217376708984;42.91551971435547;43.92649841308594;;44.90553283691406;44.41001892089844;44.39753723144531;43.409183502197266;38.883460998535156;35.527652740478516;44.451171875
205;44.085819244384766;43.55859375;43.43948745727539;43.46834945678711;42.743621826171875;43.739681243896484;;44.80772018432617;44.32975387573242;44.23659133911133;43.426361083984375;38.85499954223633;35.41694259643555;44.29588317871094
206;43.5169677734375;42.94866943359375;42.92351150512695;42.962886810302734;42.2557487487793;43.21882629394531;;44.33686828613281;43.8771858215332;43.68751907348633;43.0724983215332;38.462303161621094;35.126251220703125;43.75673294067383
207;43.01911926269531;42.47532272338867;42.422950744628906;42.471778869628906;41.76317596435547;42.723243713378906;;43.95952224731445;43.51949691772461;43.18337631225586;42.741329193115234;38.204322814941406;34.74039077758789;43.267791748046875
208;42.85951614379883;42.332908630371094;42.25739669799805;42.3033332824707;41.603607177734375;42.52522277832031;;43.86220169067383;43.412879943847656;43.037208557128906;42.69087600708008;38.132118225097656;34.67793273925781;43.124183654785156
209;42.624088287353516;42.16283416748047;42.057952880859375;42.09957504272461;41.42355728149414;42.38330841064453;;43.67822265625;43.22298812866211;42.83951187133789;42.521060943603516;38.0020751953125;34.55281448364258;42.92361068725586
210;42.35683059692383;41.987396240234375;41.81453323364258;41.86621856689453;41.18783187866211;42.0830192565918;;43.50621795654297;43.003570556640625;42.58732986450195;42.505924224853516;37.98344421386719;34.32278823852539;42.6828498840332
211;42.1085319519043;41.78655242919922;41.57326889038086;41.613285064697266;40.94956588745117;41.8555793762207;;43.21711730957031;42.74717712402344;42.372657775878906;42.20691680908203;37.651851654052734;34.168243408203125;42.46071243286133
212;42.13595199584961;41.85928726196289;41.63016128540039;41.669349670410156;41.01169204711914;41.961334228515625;;43.301822662353516;42.7797966003418;42.429283142089844;42.1983642578125;37.662109375;34.188140869140625;42.517059326171875
213;41.65178680419922;41.464263916015625;41.17567825317383;41.21828079223633;40.57179260253906;41.45637512207031;;42.88813018798828;42.375858306884766;41.97125244140625;41.785308837890625;37.21357345581055;33.95574188232422;42.06695556640625
214;41.20724105834961;41.103111267089844;40.74119186401367;40.7894287109375;40.147769927978516;41.049739837646484;;42.496368408203125;42.008018493652344;41.533348083496094;41.308631896972656;36.75844192504883;33.68793487548828;41.63926696777344
215;40.775264739990234;40.7967414855957;40.377777099609375;40.42755889892578;39.794273376464844;40.65541076660156;;42.1649284362793;41.69717025756836;41.15950012207031;40.908042907714844;36.40525817871094;33.535560607910156;41.26992416381836
216;40.09870147705078;40.29517364501953;39.7857780456543;39.8149299621582;39.19688034057617;40.05834197998047;;41.63539123535156;41.1689338684082;40.69371032714844;40.47735595703125;35.9577522277832;33.0867919921875;40.64583206176758
217;39.76181411743164;40.045631408691406;39.60947799682617;39.56618118286133;38.912052154541016;39.89973449707031;;41.37495040893555;40.87799835205078;40.542789459228516;40.30191421508789;35.763404846191406;32.80378723144531;40.35506057739258
218;39.981109619140625;40.215579986572266;39.72165298461914;39.73904037475586;39.12453079223633;40.013492584228516;;41.69759750366211;41.1628532409668;40.65281677246094;40.68080139160156;36.27788543701172;32.93368911743164;40.593467712402344
219;39.47153854370117;39.88299560546875;39.425819396972656;39.356658935546875;38.66551971435547;39.708412170410156;;41.24536895751953;40.745094299316406;40.39852523803711;40.3260612487793;35.857547760009766;32.695472717285156;40.12998580932617
220;39.04049301147461;39.57362365722656;39.20785903930664;39.13093948364258;38.32227325439453;39.494937896728516;;41.00080490112305;40.503849029541016;40.16356658935547;40.083560943603516;35.59687042236328;32.52235794067383;39.782657623291016
221;38.81999206542969;39.412113189697266;39.060516357421875;38.9690055847168;38.11345291137695;39.3426513671875;;40.91634750366211;40.41241455078125;40.02743911743164;40.16231918334961;35.88441848754883;32.510894775390625;39.61787414550781
222;38.37057876586914;39.13816452026367;38.796512603759766;38.69234848022461;37.65358352661133;39.13969802856445;;40.50885772705078;40.02067184448242;39.79988098144531;39.686580657958984;35.42903518676758;32.16672897338867;39.34526824951172
223;38.17104721069336;39.084896087646484;38.77770233154297;38.66127014160156;37.59104919433594;39.0891227722168;;40.2794189453125;39.78972244262695;39.75458526611328;39.354496002197266;34.92258834838867;32.05727767944336;39.28921127319336
224;38.2552375793457;39.12038803100586;38.80335235595703;38.682926177978516;37.64178466796875;39.08462905883789;;40.288082122802734;39.81309127807617;39.78763961791992;39.31936264038086;34.852535247802734;32.057247161865234;39.32183074951172
225;38.099430084228516;39.048851013183594;38.711612701416016;38.57261657714844;37.483863830566406;39.01848220825195;;40.12493133544922;39.634063720703125;39.72945785522461;38.970951080322266;34.55966567993164;31.91506576538086;39.252681732177734
226;37.69365692138672;38.76567077636719;38.43287658691406;38.28803634643555;37.16835403442383;38.72335433959961;;39.81986999511719;39.21970748901367;39.464385986328125;38.63368225097656;34.2331657409668;31.65717124938965;38.96352767944336
227;37.467689514160156;38.614051818847656;38.30665588378906;38.15605545043945;37.034488677978516;38.60523986816406;;39.654563903808594;39.02693176269531;39.32892990112305;38.33320999145508;33.9113655090332;31.549726486206055;38.828857421875
228;37.38923263549805;38.534446716308594;38.209049224853516;38.0643424987793;36.9374885559082;38.51627731323242;;39.568641662597656;38.930747985839844;39.249366760253906;38.287864685058594;33.89204788208008;31.439315795898438;38.74509048461914
229;37.47637939453125;38.624576568603516;38.30731201171875;38.14438247680664;37.02681350708008;38.62419891357422;;39.62148666381836;38.998905181884766;39.34223937988281;38.29453659057617;33.886680603027344;31.519847869873047;38.84042739868164
230;37.487361907958984;38.64676284790039;38.33592224121094;38.15579605102539;37.04776382446289;38.643455505371094;;39.60059356689453;38.98845672607422;39.36235046386719;38.21574020385742;33.79803466796875;31.574705123901367;38.857017517089844
231;37.29151916503906;38.45453643798828;38.13816452026367;37.9649772644043;36.85879135131836;38.44260025024414;;39.458831787109375;38.83744430541992;39.17181396484375;38.116817474365234;33.730140686035156;31.35904312133789;38.661224365234375
232;37.217350006103516;38.395240783691406;38.0953483581543;37.930267333984375;36.820587158203125;38.37870788574219;;39.361045837402344;38.750221252441406;39.12936782836914;37.93458557128906;33.500274658203125;31.257932662963867;38.6091423034668
233;37.42868423461914;38.544700622558594;38.21284866333008;38.04462814331055;36.94141387939453;38.53953170776367;;39.51898956298828;38.95001220703125;39.26057434082031;38.252784729003906;33.87839889526367;31.350862503051758;38.752708435058594
234;37.631683349609375;38.66453552246094;38.33666229248047;38.153892517089844;37.07743453979492;38.68794250488281;;39.69424057006836;39.211669921875;39.389163970947266;38.515445709228516;34.104148864746094;31.51984977722168;38.87938690185547
235;37.65721893310547;38.689422607421875;38.35718536376953;38.18081283569336;37.10693359375;38.69617462158203;;39.73048400878906;39.255470275878906;39.40174865722656;38.54755401611328;34.15774154663086;31.55023956298828;38.903717041015625
236;37.506439208984375;38.588443756103516;38.26060104370117;38.10135269165039;37.006351470947266;38.578975677490234;;39.599693298339844;39.08189392089844;39.30839157104492;38.36069107055664;33.98810577392578;31.408348083496094;38.80155944824219
237;37.71625518798828;38.670166015625;38.35688400268555;38.20785903930664;37.140045166015625;38.6690788269043;;39.80332946777344;39.313934326171875;39.381370544433594;38.68854904174805;34.296913146972656;31.561477661132812;38.89017105102539
238;37.990196228027344;38.8603401184082;38.522274017333984;38.36966323852539;37.393150329589844;38.88513946533203;;40.06155014038086;39.581363677978516;39.55803298950195;38.85905456542969;34.468589782714844;31.695112228393555;39.0776252746582
239;37.89027404785156;38.73129653930664;38.40208435058594;38.25383758544922;37.28282165527344;38.73317337036133;;40.05234909057617;39.54271697998047;39.42726135253906;38.95585632324219;34.62904739379883;31.668886184692383;38.94833755493164
240;38.11858367919922;38.8852424621582;38.53278732299805;38.397216796875;37.498619079589844;38.88935852050781;;40.239871978759766;39.73944854736328;39.57282257080078;39.099693298339844;34.6960563659668;31.739606857299805;39.10335159301758
241;38.03228759765625;38.86083221435547;38.50004959106445;38.35447692871094;37.42036819458008;38.8900032043457;;40.23564910888672;39.72087860107422;39.553428649902344;39.21226119995117;34.8598747253418;31.786645889282227;39.077980041503906
242;38.45578384399414;39.12451171875;38.681396484375;38.56521987915039;37.80893325805664;39.02889633178711;;40.61090087890625;40.09666442871094;39.71895980834961;39.55710220336914;35.19398498535156;32.0056037902832;39.34917068481445
243;38.49859619140625;39.161495208740234;38.71159744262695;38.59619140625;37.86975860595703;39.07970428466797;;40.65522384643555;40.14624786376953;39.731300354003906;39.55681228637695;35.20462417602539;32.06000518798828;39.38661193847656
244;38.869049072265625;39.493404388427734;38.95276641845703;38.8736686706543;38.236419677734375;39.33690643310547;;41.0159797668457;40.487953186035156;39.9785041809082;40.05891418457031;35.70914077758789;32.269100189208984;39.76945877075195
245;38.74574661254883;39.3635139465332;38.8315315246582;38.75661849975586;38.095497131347656;39.207271575927734;;40.99273681640625;40.463680267333984;39.845279693603516;40.028934478759766;35.780364990234375;32.28068923950195;39.63560104370117
246;39.11595153808594;39.69802474975586;39.11338424682617;39.06995391845703;38.46071243286133;39.503150939941406;;41.334632873535156;40.8041877746582;40.09073257446289;40.36008834838867;36.08189010620117;32.54531478881836;40.00907897949219
247;39.3984489440918;39.913818359375;39.32209396362305;39.317874908447266;38.71632385253906;39.81175994873047;;41.55158233642578;41.02443313598633;40.287357330322266;40.606143951416016;36.3653564453125;32.66655731201172;40.27378845214844
248;39.6116943359375;40.11679458618164;39.56069564819336;39.57775115966797;38.96418762207031;40.005592346191406;;41.77287292480469;41.23503494262695;40.43999099731445;40.885250091552734;36.61655807495117;32.80825424194336;40.513343811035156
249;39.768287658691406;40.25265121459961;39.7117919921875;39.715572357177734;39.147369384765625;40.1240119934082;;41.88508224487305;41.34621810913086;40.578983306884766;41.07113265991211;36.80666732788086;32.90329360961914;40.665096282958984
250;40.22816848754883;40.60545349121094;40.19112777709961;40.1879997253418;39.60268783569336;40.592628479003906;;42.3118782043457;41.7884635925293;40.99844741821289;41.54421615600586;37.332576751708984;33.146358489990234;41.114646911621094
251;40.08238983154297;40.506710052490234;40.0435791015625;40.003562927246094;39.415138244628906;40.462955474853516;;42.269901275634766;41.747589111328125;40.821868896484375;41.552268981933594;37.44932174682617;33.20392990112305;40.944583892822266
252;39.98950958251953;40.44472122192383;39.93461227416992;39.907047271728516;39.30303192138672;40.364967346191406;;42.106014251708984;41.605777740478516;40.75990676879883;41.300575256347656;37.00467300415039;33.11787414550781;40.84894561767578
253;40.47764587402344;40.8503532409668;40.427040100097656;40.38474655151367;39.80905532836914;40.81330490112305;;42.46774673461914;41.98430252075195;41.19369125366211;41.57120132446289;37.13011932373047;33.30936813354492;41.3177490234375
254;40.6224365234375;40.98279571533203;40.57572937011719;40.54649353027344;39.959232330322266;41.00505447387695;;42.564537048339844;42.080596923828125;41.361228942871094;41.717185974121094;37.361202239990234;33.41028594970703;41.47826385498047
255;40.900611877441406;41.19635772705078;40.823665618896484;40.776947021484375;40.194061279296875;41.295372009277344;;42.794193267822266;42.2591552734375;41.61844253540039;41.94141387939453;37.60982131958008;33.526912689208984;41.727970123291016
256;41.03068161010742;41.32044219970703;40.98301315307617;40.928062438964844;40.361263275146484;41.41395950317383;;42.91935729980469;42.37345504760742;41.76025390625;42.10676574707031;37.8068733215332;33.53396987915039;41.87000274658203
257;41.43651580810547;41.662044525146484;41.38420104980469;41.31920623779297;40.78034973144531;41.766632080078125;;43.279884338378906;42.75077438354492;42.1445426940918;42.39254379272461;37.98430252075195;33.826725006103516;42.254730224609375
258;41.5853385925293;41.77511978149414;41.53217697143555;41.425628662109375;40.9026985168457;41.90953826904297;;43.39552688598633;42.830379486083984;42.27115249633789;42.56523513793945;38.225772857666016;33.86458969116211;42.37717056274414
259;41.90669250488281;42.04164505004883;41.83063507080078;41.71974182128906;41.19074249267578;42.28240203857422;;43.590972900390625;43.06721115112305;42.58885955810547;42.61973571777344;38.21221160888672;34.09589385986328;42.68189239501953
260;41.76252365112305;41.95957946777344;41.7298469543457;41.63108444213867;41.08052444458008;42.14592361450195;;43.45353698730469;42.93389129638672;42.47510528564453;42.38310623168945;37.82872772216797;34.12653732299805;42.574222564697266
261;41.79300308227539;42.0167121887207;41.760162353515625;41.669776916503906;41.11849594116211;42.147254943847656;;43.435302734375;42.9071159362793;42.50038146972656;42.14153289794922;37.568790435791016;34.216400146484375;42.60289764404297
262;41.995018005371094;42.1584587097168;41.96455764770508;41.87064743041992;41.295997619628906;42.31592559814453;;43.54051208496094;43.049400329589844;42.65739440917969;42.20602035522461;37.613155364990234;34.283477783203125;42.766143798828125
263;42.23134994506836;42.38687515258789;42.21924591064453;42.10700607299805;41.532310485839844;42.61897277832031;;43.74467849731445;43.22356414794922;42.92469024658203;42.331398010253906;37.70909118652344;34.446632385253906;43.023860931396484
264;41.91179275512695;42.1176643371582;41.93267822265625;41.819313049316406;41.25701141357422;42.2508544921875;;43.607826232910156;43.099342346191406;42.612030029296875;42.4708137512207;37.7994499206543;34.293827056884766;42.726051330566406
265;42.11767578125;42.27049255371094;42.09487533569336;41.97905731201172;41.411865234375;42.46792984008789;;43.79698944091797;43.27625274658203;42.78245544433594;42.61147689819336;37.896793365478516;34.421241760253906;42.893211364746094
266;42.502010345458984;42.59413528442383;42.48323440551758;42.347679138183594;41.82502365112305;42.84068298339844;;44.11299133300781;43.59056854248047;43.17897033691406;42.812225341796875;38.17268753051758;34.68157196044922;43.27754211425781
267;42.3370361328125;42.45195388793945;42.3095817565918;42.186622619628906;41.62363815307617;42.68883514404297;;44.01605224609375;43.48073196411133;42.991294860839844;42.87990188598633;38.260581970214844;34.471282958984375;43.098533630371094
268;42.512107849121094;42.611854553222656;42.486907958984375;42.339027404785156;41.80661392211914;42.89251708984375;;44.16367721557617;43.60223388671875;43.18700408935547;42.976173400878906;38.363365173339844;34.59358215332031;43.283409118652344
269;42.4612922668457;42.5553092956543;42.456974029541016;42.33540725708008;41.782962799072266;42.81647872924805;;44.231285095214844;43.679813385009766;43.131439208984375;43.20565414428711;38.667335510253906;34.49808120727539;43.238983154296875
270;42.35032272338867;42.46757888793945;42.333595275878906;42.206932067871094;41.64964294433594;42.711429595947266;;44.10781478881836;43.546749114990234;43.01469802856445;43.09227752685547;38.596065521240234;34.3895263671875;43.121726989746094
271;42.18042755126953;42.283992767333984;42.154151916503906;42.03812789916992;41.48714065551758;42.52552032470703;;44.04771423339844;43.494407653808594;42.84154510498047;43.102420806884766;38.662994384765625;34.295143127441406;42.95195007324219
272;41.977874755859375;42.115394592285156;41.934261322021484;41.823123931884766;41.28330993652344;42.3486213684082;;43.8184814453125;43.26639938354492;42.65441131591797;42.85317611694336;38.48844528198242;34.17522430419922;42.7612419128418
273;41.885215759277344;42.01494216918945;41.8369026184082;41.7314338684082;41.17353439331055;42.21516418457031;;43.709190368652344;43.15910720825195;42.532772064208984;42.653018951416016;38.26504135131836;34.023040771484375;42.64604568481445
274;41.312835693359375;41.53163146972656;41.28179931640625;41.18985366821289;40.61960220336914;41.66857147216797;;43.234962463378906;42.72146224975586;41.993736267089844;42.13750076293945;37.721614837646484;33.7028923034668;42.113407135009766
275;40.96551513671875;41.2333869934082;40.92906188964844;40.85449981689453;40.2444953918457;41.34950637817383;;42.96798324584961;42.46292495727539;41.647762298583984;41.808956146240234;37.341121673583984;33.52003479003906;41.774967193603516
276;41.019893646240234;41.25870895385742;41.01215362548828;40.931251525878906;40.31871795654297;41.422279357910156;;42.93320083618164;42.446327209472656;41.72124481201172;41.652992248535156;37.195552825927734;33.47761154174805;41.842811584472656
277;40.87596893310547;41.159584045410156;40.8574104309082;40.775184631347656;40.19975280761719;41.189083099365234;;42.78085708618164;42.281253814697266;41.56542205810547;41.46357727050781;36.99430465698242;33.36686325073242;41.692222595214844
278;40.7288932800293;41.06673049926758;40.70823669433594;40.662235260009766;40.04906463623047;41.10823059082031;;42.685874938964844;42.19223403930664;41.445709228515625;41.38642883300781;36.91978454589844;33.328216552734375;41.5722541809082
279;40.94236755371094;41.19618606567383;40.9259033203125;40.85693359375;40.259552001953125;41.2982292175293;;42.893165588378906;42.39530944824219;41.64444351196289;41.57350540161133;37.110111236572266;33.42454528808594;41.76827621459961
280;40.97718048095703;41.22406005859375;40.93081283569336;40.85649108886719;40.27023696899414;41.330955505371094;;42.89098358154297;42.41691970825195;41.660179138183594;41.650691986083984;37.18616485595703;33.49697494506836;41.78217697143555
281;40.953834533691406;41.2292594909668;40.96228790283203;40.90739440917969;40.29241180419922;41.33656692504883;;42.988121032714844;42.484275817871094;41.674537658691406;41.80355453491211;37.35999298095703;33.50392150878906;41.80311584472656
282;41.09207534790039;41.34125518798828;41.08171463012695;41.00033950805664;40.380455017089844;41.47919464111328;;43.03540802001953;42.547264099121094;41.781341552734375;41.80967712402344;37.289039611816406;33.5534782409668;41.90732955932617
283;41.08332061767578;41.30023193359375;41.04771423339844;40.956790924072266;40.38309097290039;41.39638900756836;;43.10983657836914;42.59235382080078;41.74306106567383;41.993736267089844;37.57558822631836;33.55253601074219;41.873748779296875
284;41.05140686035156;41.306583404541016;41.035335540771484;40.950870513916016;40.36931228637695;41.380836486816406;;43.144474029541016;42.61989212036133;41.725990295410156;42.209293365478516;37.811771392822266;33.582130432128906;41.86066818237305
285;41.019615173339844;41.290550231933594;40.992286682128906;40.90986633300781;40.3238525390625;41.34091567993164;;43.046302795410156;42.52058792114258;41.687198638916016;42.0172119140625;37.52880859375;33.548431396484375;41.821014404296875
286;41.2281608581543;41.4478759765625;41.2169189453125;41.11024475097656;40.537113189697266;41.54875946044922;;43.21062088012695;42.7024040222168;41.892112731933594;42.142513275146484;37.65478515625;33.66311264038086;42.0228271484375
287;41.37832260131836;41.5595703125;41.36398696899414;41.26481246948242;40.69868850708008;41.709678649902344;;43.37748336791992;42.85826110839844;42.05374526977539;42.357696533203125;37.96576690673828;33.75975799560547;42.17796325683594
288;41.05653381347656;41.2958984375;41.0726432800293;40.9742431640625;40.379737854003906;41.396392822265625;;43.15678405761719;42.633541107177734;41.73638916015625;42.214717864990234;37.830326080322266;33.572628021240234;41.872108459472656
289;41.26203918457031;41.47520446777344;41.25010299682617;41.16212844848633;40.59038162231445;41.61102294921875;;43.340118408203125;42.8233757019043;41.950897216796875;42.42559814453125;38.10873794555664;33.8049201965332;42.0769157409668
290;41.15160369873047;41.394474029541016;41.131900787353516;41.04560470581055;40.465538024902344;41.49161911010742;;43.23238754272461;42.68190383911133;41.829734802246094;42.322269439697266;37.88789367675781;33.669620513916016;41.959388732910156
291;41.137027740478516;41.39040756225586;41.110965728759766;41.02539825439453;40.455238342285156;41.46249008178711;;43.19499206542969;42.663631439208984;41.81334686279297;42.28266525268555;37.86024856567383;33.68568801879883;41.941532135009766
292;41.327362060546875;41.565711975097656;41.32575988769531;41.23389434814453;40.66606140136719;41.66120910644531;;43.413063049316406;42.88770294189453;42.01646041870117;42.56131362915039;38.16746520996094;33.88425064086914;42.14397048950195
293;41.672279357910156;41.79628372192383;41.63211441040039;41.544227600097656;40.92528533935547;41.992218017578125;;43.609596252441406;43.08595657348633;42.288673400878906;42.70804214477539;38.19058609008789;33.93185806274414;42.4132080078125
294;41.847412109375;41.9783821105957;41.82286834716797;41.73690414428711;41.12302780151367;42.195796966552734;;43.8215446472168;43.284149169921875;42.48670196533203;43.014923095703125;38.48625183105469;34.11962127685547;42.613338470458984
295;42.05198287963867;42.18186569213867;42.05669403076172;41.95991897583008;41.36017608642578;42.36301040649414;;44.0570068359375;43.496707916259766;42.687564849853516;43.29487228393555;38.83650588989258;34.26311492919922;42.817543029785156
296;42.24324035644531;42.33814239501953;42.24528503417969;42.135250091552734;41.557334899902344;42.57101821899414;;44.22595977783203;43.6677360534668;42.890892028808594;43.61260986328125;39.19771957397461;34.423030853271484;43.013790130615234
297;42.58114242553711;42.62509536743164;42.55986022949219;42.46956253051758;41.8806037902832;42.9002799987793;;44.57682800292969;43.982147216796875;43.2041015625;44.008262634277344;39.61510467529297;34.64812469482422;43.32515335083008
298;42.455596923828125;42.53073501586914;42.47352981567383;42.36030578613281;41.73690414428711;42.79277801513672;;44.457489013671875;43.88140869140625;43.076019287109375;43.88895797729492;39.45206069946289;34.59162139892578;43.2039680480957
299;42.83292007446289;42.81982421875;42.80809020996094;42.73468780517578;42.09305953979492;43.12004089355469;;44.81884002685547;44.22015380859375;43.40778732299805;44.4268798828125;40.11459732055664;34.76847457885742;43.532474517822266
300;43.285247802734375;43.25165939331055;43.27249526977539;43.167396545410156;42.55967712402344;43.62078094482422;;45.15408706665039;44.52975082397461;43.8880615234375;44.749935150146484;40.34016799926758;35.072696685791016;43.99895095825195
301;43.50913619995117;43.461551666259766;43.504638671875;43.39208221435547;42.820003509521484;43.81710433959961;;45.401939392089844;44.76529312133789;44.121604919433594;45.11263656616211;40.94313430786133;35.231689453125;44.23123550415039
302;43.75265121459961;43.66102981567383;43.72371292114258;43.617252349853516;43.03325653076172;44.05632400512695;;45.524871826171875;44.88884735107422;44.3404655456543;45.2624626159668;41.18759536743164;35.299652099609375;44.44265365600586
303;43.7959098815918;43.68146514892578;43.75285339355469;43.65939712524414;43.067543029785156;44.055973052978516;;45.545738220214844;44.91407775878906;44.35689163208008;45.21226119995117;40.83163833618164;35.34810256958008;44.462093353271484
304;44.059120178222656;43.95329666137695;44.01027297973633;43.90631103515625;43.326602935791016;44.35923767089844;;45.71706008911133;45.06692886352539;44.638301849365234;45.402313232421875;41.028072357177734;35.5316162109375;44.733394622802734
305;44.36971664428711;44.28776168823242;44.33697509765625;44.22541046142578;43.63517379760742;44.702980041503906;;45.891910552978516;45.22941207885742;44.963741302490234;45.38846969604492;40.88032531738281;35.756229400634766;45.04935836791992
306;44.49037170410156;44.424781799316406;44.427650451660156;44.319217681884766;43.746726989746094;44.78453063964844;;45.84470748901367;45.187744140625;45.064083099365234;45.144893646240234;40.501590728759766;35.80903244018555;45.14263153076172
307;44.69995880126953;44.7142219543457;44.6576042175293;44.53037643432617;43.99604415893555;44.97596740722656;;46.00176239013672;45.327266693115234;45.298858642578125;45.18510437011719;40.60906219482422;35.920223236083984;45.3690299987793
308;44.52354049682617;44.51420593261719;44.469688415527344;44.34592056274414;43.804874420166016;44.80982208251953;;45.84144592285156;45.170352935791016;45.11466979980469;45.125389099121094;40.59344482421875;35.799781799316406;45.188568115234375
309;44.52068328857422;44.539676666259766;44.50678253173828;44.379364013671875;43.82833480834961;44.829647064208984;;45.81901168823242;45.16398620605469;45.14067077636719;45.00016403198242;40.23323059082031;35.857513427734375;45.217002868652344
310;44.50020217895508;44.49583053588867;44.4745979309082;44.362640380859375;43.781314849853516;44.793609619140625;;45.77265548706055;45.12047576904297;45.09540939331055;44.839515686035156;39.88364791870117;35.90828323364258;45.1773567199707
311;44.597801208496094;44.56764221191406;44.58083724975586;44.453678131103516;43.8866081237793;44.89192199707031;;45.811954498291016;45.18447494506836;45.20170974731445;44.79073715209961;39.77061080932617;36.07143020629883;45.27885818481445
312;44.492820739746094;44.43578338623047;44.448883056640625;44.33119583129883;43.76258087158203;44.783939361572266;;45.64495849609375;45.02642059326172;45.087398529052734;44.428932189941406;39.38486099243164;36.08095932006836;45.16189956665039
313;44.20191192626953;44.20081329345703;44.21833419799805;44.095489501953125;43.50394821166992;44.54914093017578;;45.339542388916016;44.770503997802734;44.841304779052734;44.00826644897461;38.994544982910156;35.88640213012695;44.92119216918945
314;44.43527603149414;44.356658935546875;44.43474578857422;44.32399368286133;43.71128845214844;44.721519470214844;;45.492347717285156;44.92076110839844;45.02953338623047;44.05009078979492;38.98350524902344;36.0352897644043;45.10660171508789
315;44.374446868896484;44.34519958496094;44.375335693359375;44.25002670288086;43.67423629760742;44.681983947753906;;45.459075927734375;44.863826751708984;44.99831771850586;44.0560302734375;38.9786262512207;36.066734313964844;45.07439041137695
316;44.16423797607422;44.129905700683594;44.17374038696289;44.061466217041016;43.454566955566406;44.48067855834961;;45.24839401245117;44.67833709716797;44.782684326171875;43.879093170166016;38.766380310058594;35.9287223815918;44.86549377441406
317;44.01982879638672;43.98484420776367;44.023162841796875;43.925655364990234;43.29534149169922;44.32464599609375;;45.144161224365234;44.577449798583984;44.6235237121582;43.848960876464844;38.654296875;35.82491683959961;44.71314239501953
318;44.08913803100586;44.02653121948242;44.06438064575195;43.97175979614258;43.343563079833984;44.373592376708984;;45.18029022216797;44.623844146728516;44.66923522949219;43.947547912597656;38.74314880371094;35.87324905395508;44.7554931640625
319;43.999488830566406;43.9804801940918;44.02179718017578;43.91447448730469;43.31267547607422;44.25723648071289;;45.16746139526367;44.59640884399414;44.6055908203125;44.00387954711914;38.80247116088867;35.83317947387695;44.703521728515625
320;44.24546432495117;44.170963287353516;44.23778533935547;44.14804458618164;43.50582504272461;44.518409729003906;;45.36500930786133;44.804771423339844;44.8162841796875;44.14250946044922;38.94915008544922;35.9541015625;44.90903854370117
321;44.54056167602539;44.4905891418457;44.54685974121094;44.44575119018555;43.8314323425293;44.82217788696289;;45.6846809387207;45.08323287963867;45.13466262817383;44.56957244873047;39.322425842285156;36.17845916748047;45.2234001159668
322;44.855010986328125;44.77568054199219;44.838130950927734;44.727203369140625;44.12452697753906;45.14891815185547;;45.975502014160156;45.3822021484375;45.4353141784668;44.90605926513672;39.637611389160156;36.418006896972656;45.516387939453125
323;44.83656692504883;44.763187408447266;44.85489273071289;44.74079513549805;44.14052963256836;45.10508346557617;;46.09452438354492;45.47303771972656;45.4197883605957;45.392120361328125;40.12788772583008;36.35708236694336;45.512123107910156
324;44.8714599609375;44.766448974609375;44.892704010009766;44.80078887939453;44.16553497314453;45.14258575439453;;46.18205642700195;45.57255554199219;45.44148635864258;45.59684753417969;40.3107795715332;36.374961853027344;45.54170608520508
325;44.3923454284668;44.31416702270508;44.417076110839844;44.332183837890625;43.6916389465332;44.68328857421875;;45.90607452392578;45.29995346069336;44.974422454833984;45.52109146118164;40.44306945800781;36.09454345703125;45.08830642700195
326;44.66832733154297;44.545433044433594;44.686893463134766;44.60523986816406;43.93960189819336;44.93560028076172;;46.18273162841797;45.56017303466797;45.217857360839844;45.8647575378418;40.85851287841797;36.215965270996094;45.33101272583008
327;44.37101364135742;44.25692367553711;44.4044189453125;44.33937072753906;43.63100051879883;44.64619064331055;;46.07141876220703;45.44395446777344;44.90537643432617;45.878929138183594;41.210845947265625;35.953800201416016;45.03408432006836
328;44.378116607666016;44.224918365478516;44.390464782714844;44.3165397644043;43.617794036865234;44.6576042175293;;46.16097640991211;45.513710021972656;44.900238037109375;46.05165100097656;41.63455581665039;35.93963623046875;45.025394439697266
329;44.07302474975586;43.96845245361328;44.11367416381836;44.05064392089844;43.3459587097168;44.30983352661133;;46.06236267089844;45.422664642333984;44.59580993652344;45.98128128051758;42.14495849609375;35.718299865722656;44.73722839355469
330;44.28862380981445;44.15513610839844;44.31679916381836;44.24939727783203;43.55513000488281;44.550445556640625;;46.24583435058594;45.598880767822266;44.815860748291016;46.27653121948242;42.57990646362305;35.85346984863281;44.94983673095703
331;44.59276580810547;44.42890167236328;44.59477615356445;44.521507263183594;43.880104064941406;44.80672836303711;;46.540008544921875;45.88806915283203;45.11036682128906;46.63151931762695;43.13718032836914;36.05573654174805;45.23574447631836
332;44.11898422241211;44.0203742980957;44.161556243896484;44.088497161865234;43.4141731262207;44.385189056396484;;46.254940032958984;45.593021392822266;44.664791107177734;46.31397247314453;43.0992546081543;35.82621765136719;44.802947998046875
333;44.116050720214844;44.06813049316406;44.16123962402344;44.093048095703125;43.38947677612305;44.389652252197266;;46.32080078125;45.65237045288086;44.649662017822266;46.42152786254883;43.436912536621094;35.801509857177734;44.78586959838867
334;44.25767517089844;44.19976043701172;44.31019973754883;44.22747802734375;43.55063247680664;44.523033142089844;;46.46459197998047;45.794342041015625;44.8143424987793;46.66126251220703;43.79541778564453;35.88999557495117;44.93528747558594
335;44.24863052368164;44.149417877197266;44.28929138183594;44.21706008911133;43.53105926513672;44.47280502319336;;46.5064582824707;45.85171127319336;44.77669906616211;46.5936393737793;43.74604034423828;35.89741897583008;44.90105438232422
336;44.21025085449219;44.10158920288086;44.2442626953125;44.1916389465332;43.470794677734375;44.45995330810547;;46.43660354614258;45.798851013183594;44.71577453613281;46.4532470703125;43.32809066772461;35.86164474487305;44.85980987548828
337;44.366050720214844;44.251224517822266;44.40791320800781;44.34157943725586;43.645023345947266;44.63774871826172;;46.55519485473633;45.87955093383789;44.890777587890625;46.6710205078125;43.59461975097656;35.990543365478516;45.02955627441406
338;44.62432861328125;44.495094299316406;44.660648345947266;44.58143615722656;43.914772033691406;44.910011291503906;;46.77796936035156;46.12094497680664;45.16433334350586;46.92510986328125;43.810420989990234;36.20256042480469;45.29463195800781
339;44.60325622558594;44.4750862121582;44.62800979614258;44.556175231933594;43.860652923583984;44.894081115722656;;46.736900329589844;46.07771301269531;45.124267578125;46.96763610839844;43.80341339111328;36.09109878540039;45.25578308105469
340;44.55549621582031;44.42562484741211;44.59455871582031;44.5213623046875;43.83627700805664;44.8194580078125;;46.68867111206055;46.048927307128906;45.080047607421875;46.83053970336914;43.56576156616211;36.088836669921875;45.215431213378906
341;44.34117889404297;44.259090423583984;44.39851760864258;44.315223693847656;43.630943298339844;44.625064849853516;;46.4511604309082;45.81382369995117;44.88515853881836;46.48369598388672;42.86888122558594;36.003135681152344;45.02793502807617
342;44.60965347290039;44.45094299316406;44.6264533996582;44.571937561035156;43.849422454833984;44.875144958496094;;46.54974365234375;45.93994903564453;45.110904693603516;46.48994445800781;42.286827087402344;36.13972473144531;45.24678039550781
343;44.50368881225586;44.40716552734375;44.58073043823242;44.49398422241211;43.80603790283203;44.75363540649414;;46.37778854370117;45.78545379638672;45.04740905761719;46.2452392578125;41.71642303466797;36.095428466796875;45.18675231933594
344;44.90541458129883;44.78707504272461;44.950984954833984;44.86640167236328;44.189571380615234;45.19606399536133;;46.63116455078125;46.03437805175781;45.454349517822266;46.48691177368164;41.83634948730469;36.44914627075195;45.57857131958008
345;44.796600341796875;44.6833610534668;44.83405685424805;44.765995025634766;44.071353912353516;45.06968307495117;;46.422401428222656;45.84612274169922;45.33804702758789;46.1496696472168;41.18587875366211;36.388973236083984;45.46359634399414
346;44.84031677246094;44.72123718261719;44.877628326416016;44.795867919921875;44.09968185424805;45.10890197753906;;46.42394256591797;45.85749053955078;45.36970901489258;46.15505599975586;41.14834213256836;36.40653991699219;45.49110794067383
347;44.98313903808594;44.85569381713867;44.986270904541016;44.93048095703125;44.2420654296875;45.19599914550781;;46.49641418457031;45.92270278930664;45.48971176147461;46.17388153076172;41.132537841796875;36.39921951293945;45.609657287597656
348;45.099403381347656;45.0213508605957;45.120208740234375;45.037803649902344;44.35794448852539;45.41584777832031;;46.59795379638672;46.01963424682617;45.6528205871582;46.24575424194336;41.191993713378906;36.56925964355469;45.76314163208008
349;45.27217102050781;45.189449310302734;45.25803756713867;45.16340255737305;44.529640197753906;45.540184020996094;;46.65925598144531;46.07732009887695;45.80961608886719;46.181236267089844;41.108158111572266;36.68572235107422;45.90824890136719
350;45.24827194213867;45.25384521484375;45.25984573364258;45.15010452270508;44.5274658203125;45.584754943847656;;46.62388610839844;46.028724670410156;45.836036682128906;46.027915954589844;40.92821502685547;36.64423751831055;45.928401947021484
351;45.23109436035156;45.207706451416016;45.22245407104492;45.11116027832031;44.48955154418945;45.522884368896484;;46.56563949584961;45.969940185546875;45.79018020629883;45.89078903198242;40.78179168701172;36.596893310546875;45.88005065917969
352;45.1726188659668;45.18141174316406;45.15644836425781;45.03957748413086;44.44499206542969;45.47773361206055;;46.48536682128906;45.876739501953125;45.75251007080078;45.693843841552734;40.62095642089844;36.562477111816406;45.8368034362793
353;45.25281524658203;45.30107498168945;45.21513366699219;45.0836181640625;44.531185150146484;45.57020568847656;;46.5132942199707;45.883018493652344;45.846126556396484;45.51860809326172;40.52190399169922;36.63053512573242;45.919612884521484
354;45.27186965942383;45.32709884643555;45.22236633300781;45.10085678100586;44.553348541259766;45.578346252441406;;46.57699966430664;45.933921813964844;45.86184310913086;45.70322036743164;40.89662551879883;36.557212829589844;45.93399429321289
355;45.17646789550781;45.25132751464844;45.08933639526367;44.975120544433594;44.42226028442383;45.500648498535156;;46.39674758911133;45.713706970214844;45.757083892822266;45.31215286254883;40.60995864868164;36.426048278808594;45.81973648071289
356;45.26491165161133;45.353946685791016;45.166194915771484;45.0343017578125;44.510597229003906;45.57832336425781;;46.48259353637695;45.802146911621094;45.84313201904297;45.433509826660156;40.866092681884766;36.4228630065918;45.898338317871094
357;45.10347366333008;45.223731994628906;45.01490783691406;44.872432708740234;44.385318756103516;45.42191696166992;;46.36631774902344;45.66303253173828;45.70879364013672;45.44509506225586;41.04764938354492;36.24778366088867;45.761924743652344
358;44.981651306152344;45.12949752807617;44.872562408447266;44.72260284423828;44.2266731262207;45.32825469970703;;46.20691680908203;45.486778259277344;45.58210372924805;45.18758773803711;40.89254379272461;36.095848083496094;45.626197814941406
359;44.92975616455078;45.063289642333984;44.84745407104492;44.68229293823242;44.222408294677734;45.258331298828125;;46.20014953613281;45.49172592163086;45.5573616027832;45.10454177856445;40.67536163330078;36.16996765136719;45.60478210449219
360;44.46452713012695;44.56532669067383;44.38068771362305;44.21036911010742;43.74655532836914;44.7911376953125;;45.76307678222656;45.09691619873047;45.095340728759766;44.71739196777344;40.16680908203125;35.88025665283203;45.15032196044922
361;44.567955017089844;44.67287063598633;44.44961166381836;44.30113983154297;43.84489822387695;44.89303970336914;;45.81836700439453;45.134361267089844;45.19809341430664;44.535499572753906;39.93661880493164;35.962650299072266;45.24491500854492
362;44.4464225769043;44.54668045043945;44.33930969238281;44.18800735473633;43.72211456298828;44.77720260620117;;45.64806365966797;45.0192756652832;45.07918930053711;44.23567199707031;39.597740173339844;35.91691970825195;45.12713623046875
363;44.315887451171875;44.44671630859375;44.20389175415039;44.036834716796875;43.577884674072266;44.6967887878418;;45.47099685668945;44.819366455078125;44.974090576171875;43.85786056518555;39.31264877319336;35.839691162109375;45.01356887817383
364;43.95940399169922;44.07289123535156;43.827857971191406;43.653079986572266;43.23188781738281;44.306236267089844;;45.09374237060547;44.46047592163086;44.61892318725586;43.41526412963867;38.873252868652344;35.665836334228516;44.65863800048828
365;43.710350036621094;43.87663269042969;43.578372955322266;43.3945198059082;42.981685638427734;44.0955696105957;;44.80336380004883;44.188682556152344;44.402435302734375;42.98451614379883;38.55628204345703;35.43852233886719;44.43071746826172
366;43.56794357299805;43.68446350097656;43.414573669433594;43.23417282104492;42.828094482421875;43.915218353271484;;44.638370513916016;44.02608871459961;44.241939544677734;42.76254653930664;38.327674865722656;35.34791564941406;44.270198822021484
367;43.32004165649414;43.453102111816406;43.190555572509766;43.00265884399414;42.58887481689453;43.69004821777344;;44.427642822265625;43.82551574707031;44.00906753540039;42.717254638671875;38.242347717285156;35.092864990234375;44.040771484375
368;43.055789947509766;43.19942855834961;42.92092514038086;42.77024459838867;42.33153533935547;43.480125427246094;;44.18430709838867;43.588279724121094;43.78871154785156;42.43738555908203;37.963260650634766;35.08510971069336;43.81535339355469
369;42.73786926269531;42.867862701416016;42.56953811645508;42.410400390625;42.01133346557617;43.1201171875;;43.84956359863281;43.24513626098633;43.457244873046875;42.168922424316406;37.70257568359375;34.73843765258789;43.47979736328125
370;42.440223693847656;42.58589172363281;42.26068878173828;42.1456413269043;41.71226501464844;42.86375045776367;;43.66212844848633;43.05956268310547;43.182369232177734;42.20426940917969;37.62966537475586;34.63441848754883;43.21121597290039
371;42.32209396362305;42.455509185791016;42.147300720214844;42.04509353637695;41.623863220214844;42.72584533691406;;43.62626266479492;43.05868148803711;43.072776794433594;42.30907440185547;37.74011993408203;34.6076774597168;43.10790252685547
372;41.859130859375;42.044193267822266;41.71208190917969;41.61391830444336;41.126068115234375;42.27536392211914;;43.231197357177734;42.683815002441406;42.59305953979492;41.985023498535156;37.425209045410156;34.199893951416016;42.64751434326172
373;41.68388748168945;41.89377975463867;41.53496551513672;41.45719909667969;41.00225830078125;42.068115234375;;43.10852813720703;42.57721710205078;42.44071578979492;41.887123107910156;37.31122970581055;34.17592239379883;42.495975494384766
374;41.076698303222656;41.39292526245117;40.938655853271484;40.889434814453125;40.36064910888672;41.541378021240234;;42.627872467041016;42.08110046386719;41.859378814697266;41.47519302368164;36.85842514038086;33.913204193115234;41.924930572509766
375;40.73900604248047;41.098045349121094;40.61109161376953;40.59110641479492;40.05112838745117;41.18006896972656;;42.31992721557617;41.81631851196289;41.53373718261719;41.15054702758789;36.59139633178711;33.64508056640625;41.606773376464844
376;40.21603775024414;40.652008056640625;40.0881462097168;40.066226959228516;39.51015090942383;40.70822525024414;;41.83401107788086;41.36620330810547;41.021602630615234;40.74195861816406;36.198760986328125;33.306949615478516;41.08826446533203
377;40.05974197387695;40.53768539428711;39.95127868652344;39.925010681152344;39.37761688232422;40.533302307128906;;41.733741760253906;41.26008605957031;40.90764617919922;40.55107498168945;35.978092193603516;33.32416534423828;40.95262145996094
378;39.422542572021484;40.030582427978516;39.45957565307617;39.334747314453125;38.770835876464844;39.90617370605469;;41.196598052978516;40.75863265991211;40.45686340332031;40.05717849731445;35.54043960571289;32.81868362426758;40.333744049072266
379;39.64781951904297;40.19258499145508;39.59282302856445;39.52928924560547;38.971824645996094;40.14260482788086;;41.39834976196289;40.94291305541992;40.59092330932617;40.255741119384766;35.7093620300293;33.00273895263672;40.547245025634766
380;39.1502571105957;39.80453109741211;39.279212951660156;39.13251876831055;38.52947998046875;39.692169189453125;;41.001773834228516;40.541534423828125;40.274417877197266;39.929542541503906;35.440345764160156;32.66386413574219;40.08610153198242
381;39.36285400390625;39.94309616088867;39.3802375793457;39.28005599975586;38.72533416748047;39.8521728515625;;41.186336517333984;40.726341247558594;40.36824417114258;40.06806182861328;35.564876556396484;32.80671691894531;40.29353713989258
382;39.35702896118164;39.92759323120117;39.34342575073242;39.224918365478516;38.68090057373047;39.828853607177734;;41.1895751953125;40.71019744873047;40.352962493896484;40.1538200378418;35.665916442871094;32.73574447631836;40.2598876953125
383;38.868553161621094;39.56768035888672;39.05562210083008;38.88478088378906;38.214752197265625;39.49024200439453;;40.788917541503906;40.31676483154297;40.091392517089844;39.70886993408203;35.25021743774414;32.445655822753906;39.786163330078125
384;38.7988395690918;39.534854888916016;39.04492950439453;38.88330078125;38.24432373046875;39.43272399902344;;40.8008918762207;40.31589126586914;40.05155944824219;39.7601318359375;35.282283782958984;32.4294319152832;39.77452087402344
385;38.6804313659668;39.419010162353516;38.96731948852539;38.79088592529297;38.09087371826172;39.34912872314453;;40.67918014526367;40.19212341308594;39.99351501464844;39.696128845214844;35.166664123535156;32.28292465209961;39.638671875
386;38.8376350402832;39.495140075683594;38.9984016418457;38.82290267944336;38.17748260498047;39.41179275512695;;40.78582763671875;40.302528381347656;40.026344299316406;39.662384033203125;35.243247985839844;32.36152648925781;39.744747161865234
387;38.67169952392578;39.39243698120117;38.929107666015625;38.736351013183594;38.07097244262695;39.32170867919922;;40.6264533996582;40.121456146240234;39.94648742675781;39.53467559814453;35.08369445800781;32.305931091308594;39.61769104003906
388;38.66437530517578;39.36776351928711;38.90064239501953;38.70733642578125;38.03609085083008;39.27912902832031;;40.582786560058594;40.09601974487305;39.92993927001953;39.347434997558594;34.952449798583984;32.23491287231445;39.595218658447266
389;38.82544708251953;39.46988296508789;38.96574020385742;38.7900276184082;38.153926849365234;39.37265396118164;;40.65617752075195;40.16998291015625;40.003440856933594;39.41697311401367;34.978023529052734;32.31721115112305;39.71889114379883
390;38.7872200012207;39.43112564086914;38.93744659423828;38.74534606933594;38.1080322265625;39.33642578125;;40.60916519165039;40.11882019042969;39.97628402709961;39.30791473388672;34.87735366821289;32.30900955200195;39.67433547973633
391;38.82834243774414;39.496829986572266;39.00455093383789;38.83755874633789;38.200504302978516;39.41325378417969;;40.67070007324219;40.182594299316406;40.02605056762695;39.364437103271484;34.967002868652344;32.34476852416992;39.74493408203125
392;38.83153533935547;39.45375442504883;38.95243453979492;38.784053802490234;38.154788970947266;39.35221862792969;;40.58026123046875;40.08557891845703;39.991416931152344;39.18259048461914;34.79402160644531;32.2554931640625;39.70693588256836
393;39.122589111328125;39.64749526977539;39.08365249633789;38.954383850097656;38.39052963256836;39.48833465576172;;40.786903381347656;40.293704986572266;40.1046142578125;39.25151062011719;34.87154006958008;32.484413146972656;39.96303939819336
394;38.939308166503906;39.524105072021484;38.986515045166016;38.82986068725586;38.25495147705078;39.36589431762695;;40.64735412597656;40.16200256347656;40.01069259643555;39.090579986572266;34.7471809387207;32.34132766723633;39.79923629760742
395;39.16565704345703;39.64933395385742;39.05686950683594;38.97690200805664;38.41474533081055;39.502708435058594;;40.80082321166992;40.30105972290039;40.0739631652832;39.22267150878906;34.86848831176758;32.440704345703125;39.979061126708984
396;39.26520538330078;39.71576690673828;39.14312744140625;39.05363464355469;38.490474700927734;39.57365036010742;;40.87590026855469;40.385643005371094;40.14487838745117;39.28776931762695;34.97502899169922;32.50897979736328;40.047847747802734
397;39.292781829833984;39.697662353515625;39.15131378173828;39.05442428588867;38.49932861328125;39.58064651489258;;40.853004455566406;40.35192108154297;40.14188003540039;39.26079177856445;34.87514114379883;32.538536071777344;40.049171447753906
398;39.210426330566406;39.625640869140625;39.05362319946289;38.945030212402344;38.38090896606445;39.424495697021484;;40.72906494140625;40.24057388305664;40.080726623535156;39.05043029785156;34.74834442138672;32.380882263183594;39.93328094482422
399;39.63503646850586;39.9195442199707;39.38133239746094;39.37501907348633;38.8013916015625;39.87567901611328;;41.12458801269531;40.619876861572266;40.28515625;39.400054931640625;35.09928894042969;32.69633865356445;40.34190368652344
